Sprint,Dev,Tarefa,Fracao,T_Din,Inicio,Fim,Duracao_Tarefa,T_Nominal_Original,T_Base_Calculado,F_Tech_ET,F_Beh_EC,P_Ctx,P_Com,P_Phi_Fadiga,P_Match,B_Apr_Acumulado,F_Total_Multiplicador,Cg_Idx_Sustentabilidade,VNS_Gap,Runtime
1,Dev_0,T0,1.0,18.799999999999997,0.0,18.799999999999997,18.799999999999997,12,12.0,1.0,1.0,0.4,0.0,0.0,0.0,0.0,1.4,0.1,179.52888888888893,210.95974731445312
1,Dev_0,T5,1.0,18.799999999999997,18.799999999999997,37.599999999999994,18.799999999999997,12,12.0,1.0,1.0,0.4,0.0,0.0,0.0,0.0,1.4,0.1,179.52888888888893,210.95974731445312
1,Dev_0,T10,1.0,18.799999999999997,37.599999999999994,56.39999999999999,18.799999999999997,12,12.0,1.0,1.0,0.4,0.0,0.0,0.0,0.0,1.4,0.1,179.52888888888893,210.95974731445312
2,Dev_0,T15,1.0,20.57,112.0,132.57,20.57,12,12.0,1.0,1.0,0.4,0.0,0.18749999999999994,0.0,0.04000000000000001,1.5474999999999999,0.12083333333333333,179.52888888888893,210.95974731445312
2,Dev_0,T20,1.0,21.049999999999997,132.57,153.62,21.049999999999997,12,12.0,1.0,1.0,0.4,0.0,0.18749999999999994,0.0,0.0,1.5875,0.12083333333333333,179.52888888888893,210.95974731445312
2,Dev_0,T21,1.0,30.47975,153.62,184.09975,30.47975,12,17.94,0.92,1.625,0.4,0.0,0.18749999999999994,0.0,0.0,1.5875,0.12083333333333333,179.52888888888893,210.95974731445312
5,Dev_0,T30,1.0,18.799999999999997,448.0,466.8,18.799999999999997,12,12.0,1.0,1.0,0.4,0.0,0.0,0.0,0.0,1.4,0.1,179.52888888888893,210.95974731445312
5,Dev_0,T35,1.0,18.799999999999997,466.8,485.6,18.799999999999997,12,12.0,1.0,1.0,0.4,0.0,0.0,0.0,0.0,1.4,0.1,179.52888888888893,210.95974731445312
3,Dev_0,T40,1.0,23.299999999999997,224.0,247.3,23.299999999999997,12,12.0,1.0,1.0,0.4,0.0,0.3749999999999999,0.0,0.0,1.775,0.14166666666666666,179.52888888888893,210.95974731445312
4,Dev_0,T45,1.0,18.32,336.0,354.32,18.32,12,12.0,1.0,1.0,0.4,0.0,0.0,0.0,0.04000000000000001,1.3599999999999999,0.1,179.52888888888893,210.95974731445312
4,Dev_0,T50,1.0,18.799999999999997,354.32,373.12,18.799999999999997,12,12.0,1.0,1.0,0.4,0.0,0.0,0.0,0.0,1.4,0.1,179.52888888888893,210.95974731445312
4,Dev_0,T60,1.0,17.839999999999996,373.12,390.96,17.839999999999996,12,12.0,1.0,1.0,0.4,0.0,0.0,0.0,0.08000000000000002,1.3199999999999998,0.1,179.52888888888893,210.95974731445312
3,Dev_0,T62,1.0,33.843500000000006,247.3,281.1435,33.843500000000006,12,17.94,0.92,1.625,0.4,0.0,0.3749999999999999,0.0,0.0,1.775,0.14166666666666666,179.52888888888893,210.95974731445312
5,Dev_0,T65,1.0,17.552,485.6,503.15200000000004,17.552,12,12.0,1.0,1.0,0.4,0.0,0.0,0.0,0.10400000000000001,1.2959999999999998,0.1,179.52888888888893,210.95974731445312
3,Dev_0,T68,1.0,33.843500000000006,281.1435,314.987,33.843500000000006,12,17.94,0.92,1.625,0.4,0.0,0.3749999999999999,0.0,0.0,1.775,0.14166666666666666,179.52888888888893,210.95974731445312
1,Dev_1,T1,1.0,18.799999999999997,0.0,18.799999999999997,18.799999999999997,12,12.0,1.0,1.0,0.4,0.0,0.0,0.0,0.0,1.4,0.1,179.52888888888893,210.95974731445312
1,Dev_1,T6,1.0,18.799999999999997,18.799999999999997,37.599999999999994,18.799999999999997,12,12.0,1.0,1.0,0.4,0.0,0.0,0.0,0.0,1.4,0.1,179.52888888888893,210.95974731445312
1,Dev_1,T11,1.0,18.799999999999997,37.599999999999994,56.39999999999999,18.799999999999997,12,12.0,1.0,1.0,0.4,0.0,0.0,0.0,0.0,1.4,0.1,179.52888888888893,210.95974731445312
2,Dev_1,T16,1.0,20.57,112.0,132.57,20.57,12,12.0,1.0,1.0,0.4,0.0,0.18749999999999994,0.0,0.04000000000000001,1.5474999999999999,0.12083333333333333,179.52888888888893,210.95974731445312
3,Dev_1,T26,1.0,18.799999999999997,224.0,242.8,18.799999999999997,12,12.0,1.0,1.0,0.4,0.0,0.0,0.0,0.0,1.4,0.1,179.52888888888893,210.95974731445312
3,Dev_1,T31,1.0,18.799999999999997,242.8,261.6,18.799999999999997,12,12.0,1.0,1.0,0.4,0.0,0.0,0.0,0.0,1.4,0.1,179.52888888888893,210.95974731445312
5,Dev_1,T36,1.0,18.415999999999997,448.0,466.416,18.415999999999997,12,12.0,1.0,1.0,0.4,0.0,0.0,0.0,0.03200000000000001,1.3679999999999999,0.1,179.52888888888893,210.95974731445312
4,Dev_1,T41,1.0,20.57,336.0,356.57,20.57,12,12.0,1.0,1.0,0.4,0.0,0.18749999999999994,0.0,0.04000000000000001,1.5474999999999999,0.12083333333333333,179.52888888888893,210.95974731445312
3,Dev_1,T46,1.0,18.799999999999997,261.6,280.40000000000003,18.799999999999997,12,12.0,1.0,1.0,0.4,0.0,0.0,0.0,0.0,1.4,0.1,179.52888888888893,210.95974731445312
2,Dev_1,T51,1.0,21.049999999999997,132.57,153.62,21.049999999999997,12,12.0,1.0,1.0,0.4,0.0,0.18749999999999994,0.0,0.0,1.5875,0.12083333333333333,179.52888888888893,210.95974731445312
4,Dev_1,T53,1.0,29.33159,356.57,385.90159,29.33159,12,17.94,0.92,1.625,0.4,0.0,0.18749999999999994,0.0,0.06400000000000002,1.5234999999999999,0.12083333333333333,179.52888888888893,210.95974731445312
2,Dev_1,T55,1.0,30.47975,153.62,184.09975,30.47975,12,17.94,0.92,1.625,0.4,0.0,0.18749999999999994,0.0,0.0,1.5875,0.12083333333333333,179.52888888888893,210.95974731445312
5,Dev_1,T56,1.0,17.7056,466.416,484.1216,17.7056,12,12.0,1.0,1.0,0.4,0.0,0.0,0.0,0.09120000000000002,1.3088,0.1,179.52888888888893,210.95974731445312
4,Dev_1,T66,1.0,21.049999999999997,385.90159,406.95159,21.049999999999997,12,12.0,1.0,1.0,0.4,0.0,0.18749999999999994,0.0,0.0,1.5875,0.12083333333333333,179.52888888888893,210.95974731445312
5,Dev_1,T71,1.0,18.799999999999997,484.1216,502.9216,18.799999999999997,12,12.0,1.0,1.0,0.4,0.0,0.0,0.0,0.0,1.4,0.1,179.52888888888893,210.95974731445312
1,Dev_2,T2,1.0,18.799999999999997,0.0,18.799999999999997,18.799999999999997,12,12.0,1.0,1.0,0.4,0.0,0.0,0.0,0.0,1.4,0.1,179.52888888888893,210.95974731445312
1,Dev_2,T7,1.0,18.799999999999997,18.799999999999997,37.599999999999994,18.799999999999997,12,12.0,1.0,1.0,0.4,0.0,0.0,0.0,0.0,1.4,0.1,179.52888888888893,210.95974731445312
1,Dev_2,T12,1.0,18.799999999999997,37.599999999999994,56.39999999999999,18.799999999999997,12,12.0,1.0,1.0,0.4,0.0,0.0,0.0,0.0,1.4,0.1,179.52888888888893,210.95974731445312
2,Dev_2,T17,1.0,20.57,112.0,132.57,20.57,12,12.0,1.0,1.0,0.4,0.0,0.18749999999999994,0.0,0.04000000000000001,1.5474999999999999,0.12083333333333333,179.52888888888893,210.95974731445312
2,Dev_2,T22,1.0,21.049999999999997,132.57,153.62,21.049999999999997,12,12.0,1.0,1.0,0.4,0.0,0.18749999999999994,0.0,0.0,1.5875,0.12083333333333333,179.52888888888893,210.95974731445312
3,Dev_2,T27,1.0,18.32,224.0,242.32,18.32,12,12.0,1.0,1.0,0.4,0.0,0.0,0.0,0.04000000000000001,1.3599999999999999,0.1,179.52888888888893,210.95974731445312
5,Dev_2,T32,1.0,18.415999999999997,448.0,466.416,18.415999999999997,12,12.0,1.0,1.0,0.4,0.0,0.0,0.0,0.03200000000000001,1.3679999999999999,0.1,179.52888888888893,210.95974731445312
3,Dev_2,T37,1.0,18.799999999999997,242.32,261.12,18.799999999999997,12,12.0,1.0,1.0,0.4,0.0,0.0,0.0,0.0,1.4,0.1,179.52888888888893,210.95974731445312
4,Dev_2,T42,1.0,21.049999999999997,336.0,357.05,21.049999999999997,12,12.0,1.0,1.0,0.4,0.0,0.18749999999999994,0.0,0.0,1.5875,0.12083333333333333,179.52888888888893,210.95974731445312
4,Dev_2,T47,1.0,21.049999999999997,357.05,378.1,21.049999999999997,12,12.0,1.0,1.0,0.4,0.0,0.18749999999999994,0.0,0.0,1.5875,0.12083333333333333,179.52888888888893,210.95974731445312
3,Dev_2,T52,1.0,18.32,261.12,279.44,18.32,12,12.0,1.0,1.0,0.4,0.0,0.0,0.0,0.04000000000000001,1.3599999999999999,0.1,179.52888888888893,210.95974731445312
4,Dev_2,T54,1.0,30.961204999999996,378.1,409.06120500000003,30.961204999999996,12,19.11,0.98,1.625,0.4,0.0,0.18749999999999994,0.0,0.07200000000000001,1.5154999999999998,0.12083333333333333,179.52888888888893,210.95974731445312
5,Dev_2,T57,1.0,17.6288,466.416,484.0448,17.6288,12,12.0,1.0,1.0,0.4,0.0,0.0,0.0,0.09760000000000002,1.3024,0.1,179.52888888888893,210.95974731445312
2,Dev_2,T59,1.0,32.337125,153.62,185.95712500000002,32.337125,12,19.11,0.98,1.625,0.4,0.0,0.18749999999999994,0.0,0.0,1.5875,0.12083333333333333,179.52888888888893,210.95974731445312
5,Dev_2,T72,1.0,18.799999999999997,484.0448,502.8448,18.799999999999997,12,12.0,1.0,1.0,0.4,0.0,0.0,0.0,0.0,1.4,0.1,179.52888888888893,210.95974731445312
1,Dev_3,T3,1.0,18.799999999999997,0.0,18.799999999999997,18.799999999999997,12,12.0,1.0,1.0,0.4,0.0,0.0,0.0,0.0,1.4,0.1,179.52888888888893,210.95974731445312
1,Dev_3,T8,1.0,18.799999999999997,18.799999999999997,37.599999999999994,18.799999999999997,12,12.0,1.0,1.0,0.4,0.0,0.0,0.0,0.0,1.4,0.1,179.52888888888893,210.95974731445312
1,Dev_3,T13,1.0,18.799999999999997,37.599999999999994,56.39999999999999,18.799999999999997,12,12.0,1.0,1.0,0.4,0.0,0.0,0.0,0.0,1.4,0.1,179.52888888888893,210.95974731445312
2,Dev_3,T18,1.0,18.32,112.0,130.32,18.32,12,12.0,1.0,1.0,0.4,0.0,0.0,0.0,0.04000000000000001,1.3599999999999999,0.1,179.52888888888893,210.95974731445312
2,Dev_3,T23,1.0,18.799999999999997,130.32,149.12,18.799999999999997,12,12.0,1.0,1.0,0.4,0.0,0.0,0.0,0.0,1.4,0.1,179.52888888888893,210.95974731445312
3,Dev_3,T28,1.0,20.57,224.0,244.57,20.57,12,12.0,1.0,1.0,0.4,0.0,0.18749999999999994,0.0,0.04000000000000001,1.5474999999999999,0.12083333333333333,179.52888888888893,210.95974731445312
5,Dev_3,T33,1.0,18.415999999999997,448.0,466.416,18.415999999999997,12,12.0,1.0,1.0,0.4,0.0,0.0,0.0,0.03200000000000001,1.3679999999999999,0.1,179.52888888888893,210.95974731445312
3,Dev_3,T34,1.0,32.337125,244.57,276.907125,32.337125,12,19.11,0.98,1.625,0.4,0.0,0.18749999999999994,0.0,0.0,1.5875,0.12083333333333333,179.52888888888893,210.95974731445312
5,Dev_3,T38,1.0,18.415999999999997,466.416,484.832,18.415999999999997,12,12.0,1.0,1.0,0.4,0.0,0.0,0.0,0.03200000000000001,1.3679999999999999,0.1,179.52888888888893,210.95974731445312
4,Dev_3,T43,1.0,21.049999999999997,336.0,357.05,21.049999999999997,12,12.0,1.0,1.0,0.4,0.0,0.18749999999999994,0.0,0.0,1.5875,0.12083333333333333,179.52888888888893,210.95974731445312
4,Dev_3,T48,1.0,21.049999999999997,357.05,378.1,21.049999999999997,12,12.0,1.0,1.0,0.4,0.0,0.18749999999999994,0.0,0.0,1.5875,0.12083333333333333,179.52888888888893,210.95974731445312
2,Dev_3,T58,1.0,18.799999999999997,149.12,167.92000000000002,18.799999999999997,12,12.0,1.0,1.0,0.4,0.0,0.0,0.0,0.0,1.4,0.1,179.52888888888893,210.95974731445312
3,Dev_3,T63,1.0,21.049999999999997,276.907125,297.957125,21.049999999999997,12,12.0,1.0,1.0,0.4,0.0,0.18749999999999994,0.0,0.0,1.5875,0.12083333333333333,179.52888888888893,210.95974731445312
4,Dev_3,T70,1.0,30.47975,378.1,408.57975000000005,30.47975,12,17.94,0.92,1.625,0.4,0.0,0.18749999999999994,0.0,0.0,1.5875,0.12083333333333333,179.52888888888893,210.95974731445312
5,Dev_3,T73,1.0,18.32,484.832,503.152,18.32,12,12.0,1.0,1.0,0.4,0.0,0.0,0.0,0.04000000000000001,1.3599999999999999,0.1,179.52888888888893,210.95974731445312
1,Dev_4,T4,1.0,18.799999999999997,0.0,18.799999999999997,18.799999999999997,12,12.0,1.0,1.0,0.4,0.0,0.0,0.0,0.0,1.4,0.1,179.52888888888893,210.95974731445312
1,Dev_4,T9,1.0,18.799999999999997,18.799999999999997,37.599999999999994,18.799999999999997,12,12.0,1.0,1.0,0.4,0.0,0.0,0.0,0.0,1.4,0.1,179.52888888888893,210.95974731445312
1,Dev_4,T14,1.0,18.799999999999997,37.599999999999994,56.39999999999999,18.799999999999997,12,12.0,1.0,1.0,0.4,0.0,0.0,0.0,0.0,1.4,0.1,179.52888888888893,210.95974731445312
3,Dev_4,T19,1.0,20.665999999999997,224.0,244.666,20.665999999999997,12,12.0,1.0,1.0,0.4,0.0,0.18749999999999994,0.0,0.03200000000000001,1.5554999999999999,0.12083333333333333,179.52888888888893,210.95974731445312
2,Dev_4,T24,1.0,18.799999999999997,112.0,130.8,18.799999999999997,12,12.0,1.0,1.0,0.4,0.0,0.0,0.0,0.0,1.4,0.1,179.52888888888893,210.95974731445312
3,Dev_4,T25,1.0,29.632474999999996,244.666,274.298475,29.632474999999996,12,18.33,0.94,1.625,0.4,0.0,0.18749999999999994,0.0,0.08000000000000002,1.5074999999999998,0.12083333333333333,179.52888888888893,210.95974731445312
2,Dev_4,T29,1.0,18.799999999999997,130.8,149.60000000000002,18.799999999999997,12,12.0,1.0,1.0,0.4,0.0,0.0,0.0,0.0,1.4,0.1,179.52888888888893,210.95974731445312
5,Dev_4,T39,1.0,18.799999999999997,448.0,466.8,18.799999999999997,12,12.0,1.0,1.0,0.4,0.0,0.0,0.0,0.0,1.4,0.1,179.52888888888893,210.95974731445312
5,Dev_4,T44,1.0,18.415999999999997,466.8,485.216,18.415999999999997,12,12.0,1.0,1.0,0.4,0.0,0.0,0.0,0.03200000000000001,1.3679999999999999,0.1,179.52888888888893,210.95974731445312
3,Dev_4,T49,1.0,21.049999999999997,274.298475,295.348475,21.049999999999997,12,12.0,1.0,1.0,0.4,0.0,0.18749999999999994,0.0,0.0,1.5875,0.12083333333333333,179.52888888888893,210.95974731445312
4,Dev_4,T61,1.0,34.53574999999999,336.0,370.53575,34.53574999999999,12,18.33,0.94,1.625,0.4,0.0,0.3749999999999999,0.0,0.0,1.775,0.14166666666666666,179.52888888888893,210.95974731445312
5,Dev_4,T64,1.0,17.36,485.216,502.576,17.36,12,12.0,1.0,1.0,0.4,0.0,0.0,0.0,0.12000000000000002,1.2799999999999998,0.1,179.52888888888893,210.95974731445312
4,Dev_4,T67,1.0,34.53574999999999,370.53575,405.0715,34.53574999999999,12,18.33,0.94,1.625,0.4,0.0,0.3749999999999999,0.0,0.0,1.775,0.14166666666666666,179.52888888888893,210.95974731445312
4,Dev_4,T69,1.0,23.299999999999997,405.0715,428.3715,23.299999999999997,12,12.0,1.0,1.0,0.4,0.0,0.3749999999999999,0.0,0.0,1.775,0.14166666666666666,179.52888888888893,210.95974731445312
2,Dev_4,T74,1.0,18.799999999999997,149.60000000000002,168.40000000000003,18.799999999999997,12,12.0,1.0,1.0,0.4,0.0,0.0,0.0,0.0,1.4,0.1,179.52888888888893,210.95974731445312
