vns_iter,evento,l,iter_interna,fp,tmax,pen_cap,pen_jan,pen_tsk,tempo_s
0,entrada,0,0,530.5408,504.4,0.0,0.0,0.0,0.0
0,saida,0,5,530.5408,504.4,0.0,0.0,0.0,1.225
1,entrada,0,0,602.8222,574.0,0.0,0.0,0.0,0.0
1,melhoria,1,1,602.5562,574.0,0.0,0.0,0.0,0.003
1,melhoria,1,2,602.1078,574.0,0.0,0.0,0.0,0.01
1,melhoria,1,3,601.6968,574.0,0.0,0.0,0.0,0.014
1,melhoria,1,4,601.2488,574.0,0.0,0.0,0.0,0.021
1,melhoria,1,5,601.0992,574.0,0.0,0.0,0.0,0.042
1,melhoria,1,6,600.7989,574.0,0.0,0.0,0.0,0.05
1,melhoria,1,7,600.7146,574.0,0.0,0.0,0.0,0.073
1,melhoria,1,8,600.4816,574.0,0.0,0.0,0.0,0.102
1,melhoria,1,9,600.3973,574.0,0.0,0.0,0.0,0.318
1,melhoria,1,10,600.3134,574.0,0.0,0.0,0.0,0.547
1,melhoria,1,11,530.3834,504.1542,0.0,0.0,0.0,0.736
1,melhoria,2,13,530.2081,503.92,0.0,0.0,0.0,1.045
1,melhoria,2,15,530.1524,503.92,0.0,0.0,0.0,1.42
1,melhoria,2,17,530.14,503.847,0.0,0.0,0.0,1.808
1,melhoria,2,19,530.0034,503.6128,0.0,0.0,0.0,2.135
1,melhoria,2,21,529.9891,503.6128,0.0,0.0,0.0,2.583
1,melhoria,2,23,529.9749,503.6128,0.0,0.0,0.0,3.094
1,melhoria,2,25,529.8665,503.6128,0.0,0.0,0.0,3.649
1,saida,0,30,529.8665,503.6128,0.0,0.0,0.0,4.813
2,entrada,0,0,1293.4777,1252.1853,0.0,0.0,0.0,0.0
2,melhoria,1,1,1293.3666,1252.1853,0.0,0.0,0.0,0.001
2,melhoria,1,2,1293.0679,1252.1853,0.0,0.0,0.0,0.012
2,melhoria,1,3,1292.6199,1252.1853,0.0,0.0,0.0,0.016
2,melhoria,1,4,1292.4147,1252.243,0.0,0.0,0.0,0.031
2,melhoria,1,5,1292.3246,1252.243,0.0,0.0,0.0,0.034
2,melhoria,1,6,1292.2101,1252.243,0.0,0.0,0.0,0.035
2,melhoria,1,7,1291.9993,1252.243,0.0,0.0,0.0,0.037
2,melhoria,1,8,1291.7003,1252.243,0.0,0.0,0.0,0.044
2,melhoria,1,9,1291.2519,1252.243,0.0,0.0,0.0,0.046
2,melhoria,1,10,1290.9916,1252.243,0.0,0.0,0.0,0.049
2,melhoria,1,11,1290.7818,1252.243,0.0,0.0,0.0,0.066
2,melhoria,1,12,1178.5064,1140.2174,0.0,0.0,0.0,0.075
2,melhoria,1,13,1178.476,1140.2174,0.0,0.0,0.0,0.089
2,melhoria,1,14,1178.3512,1140.2174,0.0,0.0,0.0,0.092
2,melhoria,1,15,1178.1304,1140.2174,0.0,0.0,0.0,0.104
2,melhoria,1,16,1178.0071,1140.2174,0.0,0.0,0.0,0.111
2,melhoria,1,17,1177.7436,1140.2174,0.0,0.0,0.0,0.116
2,melhoria,1,18,1177.6089,1140.7313,0.0,0.0,0.0,0.118
2,melhoria,1,19,1177.3489,1140.7313,0.0,0.0,0.0,0.125
2,melhoria,1,20,1177.2616,1140.7313,0.0,0.0,0.0,0.141
2,melhoria,1,21,1177.1211,1140.7313,0.0,0.0,0.0,0.157
2,melhoria,1,22,1176.7458,1140.7313,0.0,0.0,0.0,0.161
2,melhoria,1,23,1176.2967,1140.7313,0.0,0.0,0.0,0.18
2,melhoria,1,24,1176.1479,1140.7313,0.0,0.0,0.0,0.18
2,melhoria,1,25,1175.8734,1140.7313,0.0,0.0,0.0,0.209
2,melhoria,1,26,1175.5729,1140.7313,0.0,0.0,0.0,0.216
2,melhoria,1,27,1175.1275,1140.7313,0.0,0.0,0.0,0.238
2,melhoria,1,28,1174.9785,1140.7313,0.0,0.0,0.0,0.297
2,melhoria,1,29,1174.8171,1140.7313,0.0,0.0,0.0,0.299
2,melhoria,1,30,1174.5814,1140.7313,0.0,0.0,0.0,0.328
2,melhoria,1,31,1174.4726,1140.7313,0.0,0.0,0.0,0.387
2,melhoria,1,32,1174.3364,1140.7313,0.0,0.0,0.0,0.391
2,melhoria,1,33,1174.1272,1140.7313,0.0,0.0,0.0,0.392
2,melhoria,1,34,1173.8699,1140.7313,0.0,0.0,0.0,0.404
2,melhoria,1,35,1173.6312,1140.7313,0.0,0.0,0.0,0.405
2,melhoria,1,36,1173.5485,1140.7313,0.0,0.0,0.0,0.424
2,melhoria,1,37,1173.2603,1140.7313,0.0,0.0,0.0,0.436
2,melhoria,1,38,1173.1037,1140.7313,0.0,0.0,0.0,0.444
2,melhoria,1,39,1173.0007,1140.7313,0.0,0.0,0.0,0.492
2,melhoria,1,40,1172.8614,1140.7313,0.0,0.0,0.0,0.499
2,melhoria,1,41,1172.7887,1140.7313,0.0,0.0,0.0,0.576
2,melhoria,1,42,1172.6466,1140.7313,0.0,0.0,0.0,0.643
2,melhoria,1,43,1172.3473,1140.7313,0.0,0.0,0.0,0.649
2,melhoria,1,44,1060.1031,1028.6366,0.0,0.0,0.0,0.711
2,melhoria,1,45,1059.8514,1028.6366,0.0,0.0,0.0,0.743
2,melhoria,1,46,1059.7135,1028.6366,0.0,0.0,0.0,0.893
2,melhoria,1,47,1059.6087,1028.6366,0.0,0.0,0.0,1.066
2,melhoria,1,48,947.3408,916.5182,0.0,0.0,0.0,1.093
2,melhoria,1,49,947.2215,916.5182,0.0,0.0,0.0,1.256
2,melhoria,1,50,947.1479,916.5182,0.0,0.0,0.0,1.474
2,melhoria,2,52,947.1275,916.5182,0.0,0.0,0.0,1.769
2,melhoria,1,53,947.0317,916.5182,0.0,0.0,0.0,1.977
2,melhoria,2,55,946.9946,916.5182,0.0,0.0,0.0,2.284
2,melhoria,2,57,946.5514,916.1269,0.0,0.0,0.0,2.564
2,melhoria,1,58,946.5514,916.1269,0.0,0.0,0.0,2.602
2,melhoria,2,60,946.5135,916.1269,0.0,0.0,0.0,2.852
2,melhoria,1,61,946.4946,915.7538,0.0,0.0,0.0,3.061
2,melhoria,1,62,946.4701,915.7538,0.0,0.0,0.0,3.258
2,melhoria,2,64,946.4662,915.7538,0.0,0.0,0.0,3.498
2,melhoria,2,66,946.2129,915.4407,0.0,0.0,0.0,3.744
2,melhoria,1,67,946.1973,915.4407,0.0,0.0,0.0,3.846
2,melhoria,1,68,946.1827,915.4407,0.0,0.0,0.0,3.975
2,melhoria,2,70,946.1749,915.4407,0.0,0.0,0.0,4.221
2,melhoria,2,72,946.1732,915.4407,0.0,0.0,0.0,4.459
2,melhoria,2,74,946.1064,915.4407,0.0,0.0,0.0,4.688
2,melhoria,2,76,946.0942,915.4407,0.0,0.0,0.0,4.928
2,melhoria,2,78,946.0816,915.4407,0.0,0.0,0.0,5.17
2,melhoria,2,80,946.0757,915.4407,0.0,0.0,0.0,5.413
2,melhoria,1,81,946.0755,915.4407,0.0,0.0,0.0,5.613
2,melhoria,2,83,945.7981,915.1903,0.0,0.0,0.0,5.858
2,melhoria,2,85,945.7963,915.1903,0.0,0.0,0.0,6.111
2,melhoria,2,87,945.6839,914.9899,0.0,0.0,0.0,6.35
2,melhoria,1,88,945.6695,914.9899,0.0,0.0,0.0,6.473
2,melhoria,2,90,945.3885,914.6768,0.0,0.0,0.0,6.721
2,melhoria,2,92,945.3532,914.6768,0.0,0.0,0.0,6.971
2,melhoria,2,94,945.336,914.6768,0.0,0.0,0.0,7.231
2,melhoria,2,96,945.3358,914.6768,0.0,0.0,0.0,7.47
2,melhoria,2,98,945.3274,914.6768,0.0,0.0,0.0,7.739
2,melhoria,2,100,945.3195,914.6768,0.0,0.0,0.0,7.997
2,timeout,2,101,945.3195,914.6768,0.0,0.0,0.0,8.234
2,saida,0,101,945.3195,914.6768,0.0,0.0,0.0,8.234
3,entrada,0,0,608.6492,579.7341,0.0,0.0,0.0,0.0
3,melhoria,1,1,608.5739,580.1071,0.0,0.0,0.0,0.003
3,melhoria,1,2,602.4068,574.0,0.0,0.0,0.0,0.007
3,melhoria,1,3,602.2562,574.0,0.0,0.0,0.0,0.01
3,melhoria,1,4,601.957,574.0,0.0,0.0,0.0,0.013
3,melhoria,1,5,601.807,574.0,0.0,0.0,0.0,0.017
3,melhoria,1,6,601.657,574.0,0.0,0.0,0.0,0.019
3,melhoria,1,7,601.5051,574.0,0.0,0.0,0.0,0.029
3,melhoria,1,8,601.272,574.0,0.0,0.0,0.0,0.029
3,melhoria,1,9,600.7885,574.0,0.0,0.0,0.0,0.031
3,melhoria,1,10,600.7404,574.0,0.0,0.0,0.0,0.048
3,melhoria,1,11,600.4405,574.0,0.0,0.0,0.0,0.119
3,melhoria,1,12,600.357,574.0,0.0,0.0,0.0,0.257
3,melhoria,1,13,547.4562,521.1835,0.0,0.0,0.0,0.323
3,melhoria,2,15,547.0972,520.7995,0.0,0.0,0.0,0.54
3,melhoria,2,17,546.706,520.3195,0.0,0.0,0.0,0.772
3,melhoria,2,19,546.4191,520.0351,0.0,0.0,0.0,1.019
3,melhoria,2,21,546.1201,519.6511,0.0,0.0,0.0,1.276
3,melhoria,2,23,545.9219,519.3822,0.0,0.0,0.0,1.514
3,melhoria,2,25,545.9088,519.3822,0.0,0.0,0.0,1.803
3,melhoria,2,27,545.8966,519.3822,0.0,0.0,0.0,2.199
3,saida,0,32,545.8966,519.3822,0.0,0.0,0.0,2.957
3,entrada,0,0,545.8966,519.3822,0.0,0.0,0.0,0.0
3,saida,0,5,545.8966,519.3822,0.0,0.0,0.0,0.787
3,entrada,0,0,545.8966,519.3822,0.0,0.0,0.0,0.0
3,saida,0,5,545.8966,519.3822,0.0,0.0,0.0,0.791
3,entrada,0,0,545.8966,519.3822,0.0,0.0,0.0,0.0
3,saida,0,5,545.8966,519.3822,0.0,0.0,0.0,0.808
4,entrada,0,0,835.8717,803.9546,0.0,0.0,0.0,0.0
4,melhoria,1,1,835.4952,803.9546,0.0,0.0,0.0,0.005
4,melhoria,1,2,835.3092,803.9546,0.0,0.0,0.0,0.005
4,melhoria,1,3,834.8238,803.9546,0.0,0.0,0.0,0.009
4,melhoria,1,4,834.5714,803.9546,0.0,0.0,0.0,0.013
4,melhoria,1,5,834.4432,803.9546,0.0,0.0,0.0,0.026
4,melhoria,1,6,834.0977,803.9546,0.0,0.0,0.0,0.027
4,melhoria,1,7,833.753,803.9546,0.0,0.0,0.0,0.028
4,melhoria,1,8,833.6614,803.9546,0.0,0.0,0.0,0.04
4,melhoria,1,9,833.5121,803.9546,0.0,0.0,0.0,0.056
4,melhoria,1,10,833.4223,803.9546,0.0,0.0,0.0,0.072
4,melhoria,1,11,833.0851,803.9546,0.0,0.0,0.0,0.075
4,melhoria,1,12,833.0045,803.9546,0.0,0.0,0.0,0.096
4,melhoria,1,13,832.7444,803.9546,0.0,0.0,0.0,0.118
4,melhoria,1,14,832.6342,803.9546,0.0,0.0,0.0,0.139
4,melhoria,1,15,832.2501,803.9546,0.0,0.0,0.0,0.141
4,melhoria,1,16,832.2435,803.9546,0.0,0.0,0.0,0.143
4,melhoria,1,17,832.0943,803.9546,0.0,0.0,0.0,0.145
4,melhoria,1,18,831.9824,803.9546,0.0,0.0,0.0,0.15
4,melhoria,1,19,831.9341,803.9546,0.0,0.0,0.0,0.166
4,melhoria,1,20,831.7719,803.9546,0.0,0.0,0.0,0.171
4,melhoria,1,21,831.6607,803.9546,0.0,0.0,0.0,0.21
4,melhoria,1,22,831.5113,803.9546,0.0,0.0,0.0,0.224
4,melhoria,1,23,831.5081,803.9546,0.0,0.0,0.0,0.259
4,melhoria,1,24,831.4052,803.9546,0.0,0.0,0.0,0.371
4,melhoria,1,25,831.2485,803.9546,0.0,0.0,0.0,0.436
4,melhoria,1,26,606.8513,579.8564,0.0,0.0,0.0,0.571
4,melhoria,1,27,606.8026,579.8564,0.0,0.0,0.0,0.644
4,melhoria,1,28,567.0146,540.0682,0.0,0.0,0.0,0.736
4,melhoria,2,30,565.7114,538.7242,0.0,0.0,0.0,0.962
4,melhoria,2,32,565.6469,538.7242,0.0,0.0,0.0,1.195
4,melhoria,2,34,565.2233,538.2442,0.0,0.0,0.0,1.428
4,melhoria,2,36,564.7437,537.755,0.0,0.0,0.0,1.679
4,melhoria,2,38,564.7091,537.755,0.0,0.0,0.0,1.924
4,melhoria,2,40,564.445,537.3876,0.0,0.0,0.0,2.149
4,melhoria,2,42,564.4167,537.3876,0.0,0.0,0.0,2.376
4,melhoria,2,44,564.4048,537.3876,0.0,0.0,0.0,2.61
4,melhoria,2,46,564.3907,537.3876,0.0,0.0,0.0,2.843
4,melhoria,2,48,564.322,537.3876,0.0,0.0,0.0,3.07
4,melhoria,2,50,563.4993,536.5574,0.0,0.0,0.0,3.299
4,melhoria,2,52,562.5267,535.6388,0.0,0.0,0.0,3.534
4,melhoria,2,54,562.2708,535.3977,0.0,0.0,0.0,3.779
4,melhoria,2,56,562.2327,535.3977,0.0,0.0,0.0,4.01
4,melhoria,2,58,562.2292,535.3977,0.0,0.0,0.0,4.241
4,melhoria,2,60,562.1698,535.3977,0.0,0.0,0.0,4.469
4,melhoria,2,62,547.2089,520.5492,0.0,0.0,0.0,4.703
4,melhoria,2,64,546.9086,520.1652,0.0,0.0,0.0,4.96
4,melhoria,2,66,546.5089,519.6852,0.0,0.0,0.0,5.192
4,melhoria,2,68,546.3535,519.4394,0.0,0.0,0.0,5.423
4,melhoria,2,70,546.2876,519.2881,0.0,0.0,0.0,5.654
4,melhoria,1,71,546.2745,519.2881,0.0,0.0,0.0,5.686
4,melhoria,2,73,546.2343,519.2881,0.0,0.0,0.0,5.916
4,melhoria,2,75,546.2007,519.2881,0.0,0.0,0.0,6.144
4,melhoria,2,77,546.1582,519.2881,0.0,0.0,0.0,6.368
4,melhoria,2,79,546.1296,519.2881,0.0,0.0,0.0,6.625
4,melhoria,2,81,545.9569,519.0457,0.0,0.0,0.0,6.869
4,melhoria,1,82,545.8245,518.9022,0.0,0.0,0.0,6.872
4,melhoria,2,84,545.8117,518.9022,0.0,0.0,0.0,7.122
4,melhoria,2,86,545.7175,518.7816,0.0,0.0,0.0,7.358
4,melhoria,2,88,545.6699,518.7359,0.0,0.0,0.0,7.585
4,melhoria,2,90,545.6522,518.7359,0.0,0.0,0.0,7.839
4,timeout,2,91,545.6522,518.7359,0.0,0.0,0.0,8.055
4,saida,0,91,545.6522,518.7359,0.0,0.0,0.0,8.055
4,entrada,0,0,545.6522,518.7359,0.0,0.0,0.0,0.0
4,melhoria,2,2,545.6168,518.7359,0.0,0.0,0.0,0.227
4,melhoria,2,4,545.5537,518.6599,0.0,0.0,0.0,0.467
4,melhoria,2,6,545.5411,518.6599,0.0,0.0,0.0,0.706
4,melhoria,2,8,545.5307,518.5952,0.0,0.0,0.0,0.953
4,melhoria,2,10,545.4793,518.4429,0.0,0.0,0.0,1.191
4,melhoria,1,11,545.479,518.4429,0.0,0.0,0.0,1.226
4,melhoria,2,13,545.3928,518.2759,0.0,0.0,0.0,1.447
4,melhoria,1,14,545.3776,518.2759,0.0,0.0,0.0,1.494
4,melhoria,1,15,545.3633,518.2759,0.0,0.0,0.0,1.627
4,melhoria,2,17,545.3061,518.2759,0.0,0.0,0.0,1.859
4,melhoria,2,19,545.301,518.2112,0.0,0.0,0.0,2.094
4,melhoria,2,21,545.1042,517.9837,0.0,0.0,0.0,2.33
4,melhoria,2,23,545.0911,517.9173,0.0,0.0,0.0,2.564
4,melhoria,1,24,545.0908,517.9173,0.0,0.0,0.0,2.692
4,melhoria,1,25,545.0875,517.9173,0.0,0.0,0.0,2.886
4,melhoria,2,27,545.0301,517.8017,0.0,0.0,0.0,3.145
4,melhoria,2,29,544.7482,517.4326,0.0,0.0,0.0,3.4
4,melhoria,1,30,544.6508,517.3366,0.0,0.0,0.0,3.414
4,melhoria,2,32,544.6495,517.3366,0.0,0.0,0.0,3.678
4,melhoria,2,34,544.6361,517.3366,0.0,0.0,0.0,3.908
4,melhoria,2,36,544.6059,517.3217,0.0,0.0,0.0,4.192
4,melhoria,1,37,544.5936,517.3217,0.0,0.0,0.0,4.223
4,melhoria,1,38,544.5935,517.3217,0.0,0.0,0.0,4.302
4,melhoria,1,39,544.5931,517.3217,0.0,0.0,0.0,4.305
4,melhoria,2,41,544.5652,517.3217,0.0,0.0,0.0,4.579
4,melhoria,1,42,544.5529,517.3217,0.0,0.0,0.0,4.582
4,melhoria,2,44,544.5503,517.3217,0.0,0.0,0.0,4.858
4,melhoria,2,46,544.5478,517.3217,0.0,0.0,0.0,5.088
4,melhoria,2,48,544.5303,517.3366,0.0,0.0,0.0,5.322
4,melhoria,1,49,544.5165,517.3366,0.0,0.0,0.0,5.395
4,melhoria,2,51,544.5163,517.3366,0.0,0.0,0.0,5.629
4,melhoria,2,53,544.5146,517.3366,0.0,0.0,0.0,5.874
4,melhoria,2,55,544.4718,517.3366,0.0,0.0,0.0,6.118
4,melhoria,2,57,544.3977,517.1881,0.0,0.0,0.0,6.395
4,melhoria,2,59,544.3836,517.1881,0.0,0.0,0.0,6.626
4,melhoria,2,61,544.3474,517.1881,0.0,0.0,0.0,6.9
4,melhoria,2,63,544.342,517.1881,0.0,0.0,0.0,7.205
4,melhoria,2,65,544.3174,517.1881,0.0,0.0,0.0,7.6
4,melhoria,2,67,544.2575,517.0942,0.0,0.0,0.0,7.987
4,melhoria,1,68,544.2562,517.0942,0.0,0.0,0.0,8.044
4,timeout,1,68,544.2562,517.0942,0.0,0.0,0.0,8.044
4,saida,0,68,544.2562,517.0942,0.0,0.0,0.0,8.044
4,entrada,0,0,544.2562,517.0942,0.0,0.0,0.0,0.0
4,melhoria,1,1,544.2455,517.0942,0.0,0.0,0.0,0.172
4,melhoria,2,3,544.221,516.9941,0.0,0.0,0.0,0.452
4,melhoria,1,4,544.2115,516.9941,0.0,0.0,0.0,0.497
4,melhoria,1,5,544.1469,516.9122,0.0,0.0,0.0,0.728
4,melhoria,2,7,544.1394,516.9122,0.0,0.0,0.0,0.964
4,melhoria,2,9,544.1232,516.9122,0.0,0.0,0.0,1.334
4,melhoria,2,11,544.1207,516.9122,0.0,0.0,0.0,1.606
4,saida,0,16,544.1207,516.9122,0.0,0.0,0.0,2.449
4,entrada,0,0,544.1207,516.9122,0.0,0.0,0.0,0.0
4,saida,0,5,544.1207,516.9122,0.0,0.0,0.0,0.8
5,entrada,0,0,1388.5872,1357.9485,0.0,0.0,0.0,0.0
5,melhoria,1,1,1388.2868,1357.9485,0.0,0.0,0.0,0.004
5,melhoria,1,2,1388.137,1357.9485,0.0,0.0,0.0,0.008
5,melhoria,1,3,1387.8156,1357.9485,0.0,0.0,0.0,0.018
5,melhoria,1,4,1387.6868,1357.9485,0.0,0.0,0.0,0.035
5,melhoria,1,5,1387.2034,1357.9485,0.0,0.0,0.0,0.043
5,melhoria,1,6,1386.7546,1357.9485,0.0,0.0,0.0,0.05
5,melhoria,1,7,1386.4542,1357.9485,0.0,0.0,0.0,0.05
5,melhoria,1,8,1386.3319,1357.9485,0.0,0.0,0.0,0.053
5,melhoria,1,9,1386.0334,1357.9485,0.0,0.0,0.0,0.067
5,melhoria,1,10,1385.8003,1357.9485,0.0,0.0,0.0,0.071
5,melhoria,1,11,1385.628,1357.9485,0.0,0.0,0.0,0.093
5,melhoria,1,12,618.9704,592.3085,0.0,0.0,0.0,0.101
5,melhoria,1,13,618.9109,592.3085,0.0,0.0,0.0,0.176
5,melhoria,1,14,600.4546,574.0,0.0,0.0,0.0,0.268
5,melhoria,1,15,600.4052,574.0,0.0,0.0,0.0,0.382
5,melhoria,1,16,600.3533,574.0,0.0,0.0,0.0,0.524
5,melhoria,1,17,547.4615,521.1927,0.0,0.0,0.0,0.631
5,melhoria,2,19,547.0986,520.7127,0.0,0.0,0.0,0.877
5,melhoria,2,21,547.0895,520.7127,0.0,0.0,0.0,1.12
5,melhoria,2,23,546.9048,520.5171,0.0,0.0,0.0,1.367
5,melhoria,2,25,546.8931,520.5171,0.0,0.0,0.0,1.697
5,melhoria,2,27,546.8507,520.5171,0.0,0.0,0.0,2.031
5,melhoria,2,29,545.7752,519.5061,0.0,0.0,0.0,2.319
5,melhoria,2,31,545.7434,519.5061,0.0,0.0,0.0,2.561
5,melhoria,2,33,545.5354,519.1989,0.0,0.0,0.0,2.819
5,melhoria,2,35,544.409,518.0013,0.0,0.0,0.0,3.049
5,melhoria,2,37,544.3659,518.0013,0.0,0.0,0.0,3.283
5,melhoria,2,39,544.0647,517.6173,0.0,0.0,0.0,3.517
5,melhoria,2,41,543.77,517.2333,0.0,0.0,0.0,3.75
5,melhoria,2,43,542.6356,516.0357,0.0,0.0,0.0,4.016
5,saida,0,48,542.6356,516.0357,0.0,0.0,0.0,4.829
5,entrada,0,0,542.6356,516.0357,0.0,0.0,0.0,0.0
5,saida,0,5,542.6356,516.0357,0.0,0.0,0.0,0.828
5,entrada,0,0,542.6356,516.0357,0.0,0.0,0.0,0.0
5,saida,0,5,542.6356,516.0357,0.0,0.0,0.0,0.802
5,entrada,0,0,542.6356,516.0357,0.0,0.0,0.0,0.0
5,saida,0,5,542.6356,516.0357,0.0,0.0,0.0,0.785
6,entrada,0,0,608.6492,579.7341,0.0,0.0,0.0,0.0
6,melhoria,1,1,608.3488,579.7341,0.0,0.0,0.0,0.016
6,melhoria,1,2,608.2736,580.1071,0.0,0.0,0.0,0.022
6,melhoria,1,3,608.1255,580.1071,0.0,0.0,0.0,0.032
6,melhoria,1,4,607.9749,580.1071,0.0,0.0,0.0,0.037
6,melhoria,1,5,607.6757,580.1071,0.0,0.0,0.0,0.049
6,melhoria,1,6,607.2034,580.1071,0.0,0.0,0.0,0.06
6,melhoria,1,7,607.0536,580.1071,0.0,0.0,0.0,0.071
6,melhoria,1,8,600.8865,574.0,0.0,0.0,0.0,0.095
6,melhoria,1,9,600.7359,574.0,0.0,0.0,0.0,0.179
6,melhoria,1,10,600.6514,574.0,0.0,0.0,0.0,0.185
6,melhoria,1,11,599.9382,573.52,0.0,0.0,0.0,0.186
6,melhoria,1,12,599.5474,573.2128,0.0,0.0,0.0,0.197
6,melhoria,1,13,547.4346,521.1835,0.0,0.0,0.0,0.377
6,melhoria,2,15,547.0618,520.7035,0.0,0.0,0.0,0.64
6,melhoria,2,17,546.7018,520.3195,0.0,0.0,0.0,0.922
6,melhoria,2,19,546.3915,520.0123,0.0,0.0,0.0,1.198
6,melhoria,2,21,546.3814,520.0123,0.0,0.0,0.0,1.599
6,melhoria,2,23,546.1236,519.7279,0.0,0.0,0.0,1.972
6,melhoria,2,25,546.09,519.7279,0.0,0.0,0.0,2.402
6,saida,0,30,546.09,519.7279,0.0,0.0,0.0,3.178
6,entrada,0,0,546.09,519.7279,0.0,0.0,0.0,0.0
6,saida,0,5,546.09,519.7279,0.0,0.0,0.0,0.795
6,entrada,0,0,546.09,519.7279,0.0,0.0,0.0,0.0
6,saida,0,5,546.09,519.7279,0.0,0.0,0.0,0.782
6,entrada,0,0,546.09,519.7279,0.0,0.0,0.0,0.0
6,saida,0,5,546.09,519.7279,0.0,0.0,0.0,0.787
7,entrada,0,0,1053.8803,1021.9195,0.0,0.0,0.0,0.0
7,melhoria,1,1,1053.4326,1021.9195,0.0,0.0,0.0,0.003
7,melhoria,1,2,1053.0063,1021.9195,0.0,0.0,0.0,0.009
7,melhoria,1,3,1052.5229,1021.9195,0.0,0.0,0.0,0.009
7,melhoria,1,4,1052.0548,1021.9195,0.0,0.0,0.0,0.018
7,melhoria,1,5,1051.9641,1021.9195,0.0,0.0,0.0,0.029
7,melhoria,1,6,1051.9159,1021.9195,0.0,0.0,0.0,0.03
7,melhoria,1,7,1051.4699,1021.9195,0.0,0.0,0.0,0.051
7,melhoria,1,8,1051.3589,1021.9195,0.0,0.0,0.0,0.057
7,melhoria,1,9,1050.9117,1021.9195,0.0,0.0,0.0,0.058
7,melhoria,1,10,1050.7263,1021.9195,0.0,0.0,0.0,0.109
7,melhoria,1,11,1050.6431,1021.9195,0.0,0.0,0.0,0.175
7,melhoria,1,12,826.2991,797.8742,0.0,0.0,0.0,0.22
7,melhoria,1,13,826.1775,797.8742,0.0,0.0,0.0,0.337
7,melhoria,1,14,620.3275,592.4068,0.0,0.0,0.0,0.354
7,melhoria,2,16,620.2921,592.4068,0.0,0.0,0.0,0.616
7,melhoria,1,17,620.0628,592.4068,0.0,0.0,0.0,0.626
7,melhoria,2,19,619.8695,592.161,0.0,0.0,0.0,0.876
7,melhoria,2,21,619.4694,591.681,0.0,0.0,0.0,1.118
7,melhoria,2,23,619.4693,591.681,0.0,0.0,0.0,1.37
7,melhoria,2,25,619.1568,591.297,0.0,0.0,0.0,1.618
7,melhoria,2,27,619.1497,591.297,0.0,0.0,0.0,1.883
7,melhoria,2,29,619.1407,591.297,0.0,0.0,0.0,2.123
7,melhoria,2,31,619.1228,591.297,0.0,0.0,0.0,2.37
7,melhoria,2,33,619.119,591.297,0.0,0.0,0.0,2.615
7,melhoria,2,35,619.1049,591.297,0.0,0.0,0.0,2.855
7,melhoria,2,37,619.0834,591.297,0.0,0.0,0.0,3.129
7,melhoria,2,39,619.0529,591.297,0.0,0.0,0.0,3.406
7,melhoria,2,41,618.6677,590.817,0.0,0.0,0.0,3.678
7,melhoria,2,43,618.6589,590.817,0.0,0.0,0.0,3.925
7,melhoria,2,45,618.6582,590.817,0.0,0.0,0.0,4.297
7,melhoria,5,50,618.4768,590.817,0.0,0.0,0.0,5.107
7,melhoria,1,51,618.2138,590.817,0.0,0.0,0.0,5.127
7,melhoria,1,52,618.0625,590.817,0.0,0.0,0.0,5.129
7,melhoria,1,53,617.8987,590.9898,0.0,0.0,0.0,5.153
7,melhoria,1,54,617.7849,590.9898,0.0,0.0,0.0,5.164
7,melhoria,1,55,600.3107,573.6068,0.0,0.0,0.0,5.168
7,melhoria,2,57,600.179,573.4102,0.0,0.0,0.0,5.424
7,melhoria,2,59,600.1713,573.4102,0.0,0.0,0.0,5.68
7,melhoria,2,61,600.1618,573.4102,0.0,0.0,0.0,5.94
7,melhoria,2,63,600.135,573.4102,0.0,0.0,0.0,6.227
7,melhoria,2,65,600.0936,573.4102,0.0,0.0,0.0,6.495
7,melhoria,2,67,600.0909,573.4102,0.0,0.0,0.0,6.748
7,melhoria,2,69,600.0892,573.4102,0.0,0.0,0.0,6.993
7,melhoria,2,71,600.089,573.4102,0.0,0.0,0.0,7.283
7,melhoria,2,73,600.0886,573.4102,0.0,0.0,0.0,7.541
7,melhoria,2,75,600.058,573.4102,0.0,0.0,0.0,7.866
7,timeout,2,76,600.058,573.4102,0.0,0.0,0.0,8.106
7,saida,0,76,600.058,573.4102,0.0,0.0,0.0,8.106
7,entrada,0,0,600.058,573.4102,0.0,0.0,0.0,0.0
7,melhoria,2,2,600.0576,573.4102,0.0,0.0,0.0,0.361
7,saida,0,7,600.0576,573.4102,0.0,0.0,0.0,1.181
7,entrada,0,0,600.0576,573.4102,0.0,0.0,0.0,0.0
7,saida,0,5,600.0576,573.4102,0.0,0.0,0.0,0.793
7,entrada,0,0,600.0576,573.4102,0.0,0.0,0.0,0.0
7,saida,0,5,600.0576,573.4102,0.0,0.0,0.0,0.803
8,entrada,0,0,607.5391,578.6483,0.0,0.0,0.0,0.0
8,melhoria,1,1,607.0931,578.6483,0.0,0.0,0.0,0.008
8,melhoria,1,2,607.001,578.855,0.0,0.0,0.0,0.011
8,melhoria,1,3,606.8529,578.855,0.0,0.0,0.0,0.014
8,melhoria,1,4,606.704,578.855,0.0,0.0,0.0,0.032
8,melhoria,1,5,606.5547,578.855,0.0,0.0,0.0,0.034
8,melhoria,1,6,606.2561,578.855,0.0,0.0,0.0,0.047
8,melhoria,1,7,605.8077,578.855,0.0,0.0,0.0,0.057
8,melhoria,1,8,605.659,578.855,0.0,0.0,0.0,0.061
8,melhoria,1,9,605.5745,578.855,0.0,0.0,0.0,0.083
8,melhoria,1,10,605.4037,578.855,0.0,0.0,0.0,0.168
8,melhoria,1,11,605.3198,578.855,0.0,0.0,0.0,0.188
8,melhoria,1,12,605.2355,578.855,0.0,0.0,0.0,0.253
8,melhoria,1,13,599.3728,573.04,0.0,0.0,0.0,0.37
8,melhoria,1,14,547.4844,521.1989,0.0,0.0,0.0,0.423
8,melhoria,2,16,547.4595,521.1989,0.0,0.0,0.0,0.666
8,melhoria,2,18,546.907,520.5845,0.0,0.0,0.0,0.981
8,melhoria,2,20,546.7129,520.334,0.0,0.0,0.0,1.211
8,melhoria,2,22,546.5909,520.1205,0.0,0.0,0.0,1.448
8,melhoria,2,24,546.5775,520.1205,0.0,0.0,0.0,1.687
8,melhoria,2,26,546.5643,520.1205,0.0,0.0,0.0,2.01
8,melhoria,2,28,546.5636,520.1205,0.0,0.0,0.0,2.29
8,melhoria,2,30,546.4974,520.1152,0.0,0.0,0.0,2.574
8,melhoria,2,32,546.4837,520.1152,0.0,0.0,0.0,2.838
8,melhoria,2,34,544.8485,518.422,0.0,0.0,0.0,3.086
8,melhoria,2,36,544.7841,518.422,0.0,0.0,0.0,3.334
8,saida,0,41,544.7841,518.422,0.0,0.0,0.0,4.175
8,entrada,0,0,544.7841,518.422,0.0,0.0,0.0,0.0
8,saida,0,5,544.7841,518.422,0.0,0.0,0.0,0.788
8,entrada,0,0,544.7841,518.422,0.0,0.0,0.0,0.0
8,saida,0,5,544.7841,518.422,0.0,0.0,0.0,0.813
8,entrada,0,0,544.7841,518.422,0.0,0.0,0.0,0.0
8,saida,0,5,544.7841,518.422,0.0,0.0,0.0,0.77
9,entrada,0,0,717.0431,685.52,0.0,0.0,0.0,0.0
9,melhoria,1,1,716.9165,685.7542,0.0,0.0,0.0,0.001
9,melhoria,1,2,716.4693,685.7542,0.0,0.0,0.0,0.009
9,melhoria,1,3,716.3582,685.7542,0.0,0.0,0.0,0.012
9,melhoria,1,4,716.2687,685.7542,0.0,0.0,0.0,0.013
9,melhoria,1,5,715.8221,685.7542,0.0,0.0,0.0,0.014
9,melhoria,1,6,715.7016,685.7542,0.0,0.0,0.0,0.017
9,melhoria,1,7,715.2816,685.7542,0.0,0.0,0.0,0.025
9,melhoria,1,8,715.1322,685.7542,0.0,0.0,0.0,0.034
9,melhoria,1,9,714.6831,685.7542,0.0,0.0,0.0,0.039
9,melhoria,1,10,714.3839,685.7542,0.0,0.0,0.0,0.051
9,melhoria,1,11,714.2327,685.7542,0.0,0.0,0.0,0.053
9,melhoria,1,12,713.9334,685.7542,0.0,0.0,0.0,0.06
9,melhoria,1,13,713.7008,685.7542,0.0,0.0,0.0,0.063
9,melhoria,1,14,713.5512,685.7542,0.0,0.0,0.0,0.068
9,melhoria,1,15,713.2529,685.7542,0.0,0.0,0.0,0.07
9,melhoria,1,16,713.139,685.7542,0.0,0.0,0.0,0.073
9,melhoria,1,17,713.0547,685.7542,0.0,0.0,0.0,0.082
9,melhoria,1,18,712.671,685.52,0.0,0.0,0.0,0.086
9,melhoria,1,19,712.5216,685.52,0.0,0.0,0.0,0.101
9,melhoria,1,20,712.3733,685.52,0.0,0.0,0.0,0.119
9,melhoria,1,21,712.3483,685.616,0.0,0.0,0.0,0.132
9,melhoria,1,22,712.2658,685.616,0.0,0.0,0.0,0.132
9,melhoria,1,23,712.1815,685.616,0.0,0.0,0.0,0.214
9,melhoria,1,24,600.1088,573.6928,0.0,0.0,0.0,0.27
9,melhoria,1,25,600.0262,573.6928,0.0,0.0,0.0,0.331
9,melhoria,1,26,530.6491,504.4,0.0,0.0,0.0,0.34
9,melhoria,2,28,530.1997,503.92,0.0,0.0,0.0,0.574
9,melhoria,2,30,530.1995,503.92,0.0,0.0,0.0,0.842
9,melhoria,2,32,530.1982,503.92,0.0,0.0,0.0,1.105
9,melhoria,2,34,530.1973,503.92,0.0,0.0,0.0,1.384
9,melhoria,2,36,530.0815,503.7088,0.0,0.0,0.0,1.632
9,melhoria,2,38,529.9701,503.536,0.0,0.0,0.0,1.862
9,melhoria,2,40,529.9165,503.4016,0.0,0.0,0.0,2.127
9,melhoria,2,42,529.7837,503.152,0.0,0.0,0.0,2.362
9,melhoria,1,43,529.7828,503.152,0.0,0.0,0.0,2.516
9,melhoria,2,45,529.7681,503.152,0.0,0.0,0.0,2.8
9,melhoria,2,47,529.7677,503.152,0.0,0.0,0.0,3.043
9,melhoria,2,49,529.7538,503.152,0.0,0.0,0.0,3.372
9,melhoria,2,51,529.7528,503.152,0.0,0.0,0.0,3.742
9,melhoria,2,53,529.7504,503.152,0.0,0.0,0.0,3.996
9,saida,0,58,529.7504,503.152,0.0,0.0,0.0,4.836
10,entrada,0,0,721.8643,691.6461,0.0,0.0,0.0,0.0
10,melhoria,1,1,721.4179,691.6461,0.0,0.0,0.0,0.001
10,melhoria,1,2,720.9469,691.6461,0.0,0.0,0.0,0.003
10,melhoria,1,3,720.6102,691.6461,0.0,0.0,0.0,0.006
10,melhoria,1,4,720.3121,691.6461,0.0,0.0,0.0,0.008
10,melhoria,1,5,720.1408,691.6461,0.0,0.0,0.0,0.011
10,melhoria,1,6,719.6913,691.6461,0.0,0.0,0.0,0.022
10,melhoria,1,7,719.6118,691.6461,0.0,0.0,0.0,0.039
10,melhoria,1,8,719.5249,691.6461,0.0,0.0,0.0,0.047
10,melhoria,1,9,719.3985,691.6461,0.0,0.0,0.0,0.052
10,melhoria,1,10,719.3487,691.6461,0.0,0.0,0.0,0.085
10,melhoria,1,11,719.2365,691.6461,0.0,0.0,0.0,0.097
10,melhoria,1,12,719.1877,691.6461,0.0,0.0,0.0,0.138
10,melhoria,1,13,718.3309,690.8929,0.0,0.0,0.0,0.14
10,melhoria,1,14,718.1739,690.8929,0.0,0.0,0.0,0.145
10,melhoria,1,15,718.0524,690.8929,0.0,0.0,0.0,0.145
10,melhoria,1,16,717.7813,690.8929,0.0,0.0,0.0,0.272
10,melhoria,1,17,606.3113,579.5726,0.0,0.0,0.0,0.292
10,melhoria,1,18,606.2626,579.5726,0.0,0.0,0.0,0.384
10,melhoria,1,19,605.3159,578.6311,0.0,0.0,0.0,0.501
10,melhoria,1,20,563.0057,536.3721,0.0,0.0,0.0,0.629
10,melhoria,2,22,562.5313,535.798,0.0,0.0,0.0,0.868
10,melhoria,2,24,561.3627,534.6004,0.0,0.0,0.0,1.105
10,melhoria,2,26,561.0041,534.1411,0.0,0.0,0.0,1.361
10,melhoria,2,28,560.9894,534.1411,0.0,0.0,0.0,1.604
10,melhoria,2,30,560.9894,534.1411,0.0,0.0,0.0,1.844
10,melhoria,2,32,560.6037,533.6818,0.0,0.0,0.0,2.095
10,melhoria,2,34,560.5828,533.6818,0.0,0.0,0.0,2.327
10,melhoria,2,36,547.5119,520.6452,0.0,0.0,0.0,2.577
10,melhoria,2,38,547.4504,520.6452,0.0,0.0,0.0,2.834
10,melhoria,2,40,547.4377,520.6452,0.0,0.0,0.0,3.097
10,melhoria,2,42,547.0792,520.2496,0.0,0.0,0.0,3.342
10,melhoria,2,44,547.0603,520.2496,0.0,0.0,0.0,3.583
10,melhoria,2,46,546.7152,519.7696,0.0,0.0,0.0,3.828
10,melhoria,2,48,546.6762,519.7696,0.0,0.0,0.0,4.061
10,melhoria,2,50,546.6612,519.7696,0.0,0.0,0.0,4.308
10,melhoria,2,52,546.5858,519.7696,0.0,0.0,0.0,4.561
10,melhoria,2,54,546.5185,519.6197,0.0,0.0,0.0,4.81
10,melhoria,2,56,546.4842,519.6197,0.0,0.0,0.0,5.064
10,melhoria,2,58,546.4426,519.6197,0.0,0.0,0.0,5.305
10,melhoria,2,60,546.4346,519.6197,0.0,0.0,0.0,5.559
10,melhoria,2,62,546.4066,519.6197,0.0,0.0,0.0,5.804
10,melhoria,2,64,546.379,519.6197,0.0,0.0,0.0,6.058
10,melhoria,2,66,546.2374,519.3856,0.0,0.0,0.0,6.316
10,melhoria,2,68,546.0463,519.1398,0.0,0.0,0.0,6.565
10,melhoria,2,70,545.8307,518.9056,0.0,0.0,0.0,6.853
10,melhoria,1,71,545.819,518.9056,0.0,0.0,0.0,6.929
10,melhoria,2,73,545.4981,518.5216,0.0,0.0,0.0,7.192
10,melhoria,2,75,545.495,518.5216,0.0,0.0,0.0,7.429
10,melhoria,2,77,545.4931,518.5216,0.0,0.0,0.0,7.671
10,melhoria,2,79,545.1664,518.1845,0.0,0.0,0.0,7.927
10,timeout,2,80,545.1664,518.1845,0.0,0.0,0.0,8.155
10,saida,0,80,545.1664,518.1845,0.0,0.0,0.0,8.155
10,entrada,0,0,545.1664,518.1845,0.0,0.0,0.0,0.0
10,melhoria,2,2,545.1119,518.1845,0.0,0.0,0.0,0.241
10,melhoria,2,4,545.0989,518.1564,0.0,0.0,0.0,0.472
10,melhoria,2,6,544.9334,517.9085,0.0,0.0,0.0,0.741
10,melhoria,1,7,544.9073,517.9085,0.0,0.0,0.0,0.769
10,melhoria,2,9,544.8942,517.9085,0.0,0.0,0.0,1.002
10,melhoria,2,11,544.8726,517.9573,0.0,0.0,0.0,1.264
10,melhoria,2,13,544.8472,517.9085,0.0,0.0,0.0,1.528
10,melhoria,2,15,544.8354,517.9085,0.0,0.0,0.0,1.762
10,melhoria,2,17,544.5642,517.5245,0.0,0.0,0.0,2.002
10,melhoria,1,18,544.5517,517.5245,0.0,0.0,0.0,2.236
10,melhoria,2,20,544.4839,517.5245,0.0,0.0,0.0,2.483
10,melhoria,2,22,544.4533,517.5245,0.0,0.0,0.0,2.758
10,melhoria,2,24,544.1578,517.1609,0.0,0.0,0.0,3.001
10,melhoria,2,26,544.1548,517.1609,0.0,0.0,0.0,3.247
10,melhoria,2,28,543.5933,516.6798,0.0,0.0,0.0,3.591
10,melhoria,2,30,543.5185,516.6798,0.0,0.0,0.0,3.828
10,melhoria,1,31,543.484,516.6798,0.0,0.0,0.0,3.84
10,melhoria,2,33,543.4651,516.6798,0.0,0.0,0.0,4.111
10,melhoria,2,35,543.46,516.6798,0.0,0.0,0.0,4.375
10,melhoria,2,37,543.3917,516.6798,0.0,0.0,0.0,4.624
10,melhoria,2,39,543.3848,516.6798,0.0,0.0,0.0,4.87
10,melhoria,2,41,543.3646,516.6798,0.0,0.0,0.0,5.141
10,melhoria,2,43,543.3348,516.6798,0.0,0.0,0.0,5.386
10,melhoria,2,45,543.2998,516.6798,0.0,0.0,0.0,5.631
10,melhoria,2,47,543.263,516.6798,0.0,0.0,0.0,5.884
10,melhoria,2,49,543.2193,516.6798,0.0,0.0,0.0,6.153
10,melhoria,2,51,543.2168,516.6798,0.0,0.0,0.0,6.422
10,melhoria,2,53,543.1781,516.6798,0.0,0.0,0.0,6.673
10,melhoria,2,55,543.1768,516.6798,0.0,0.0,0.0,6.932
10,melhoria,2,57,543.1484,516.6798,0.0,0.0,0.0,7.394
10,melhoria,2,59,543.1441,516.6798,0.0,0.0,0.0,7.66
10,timeout,3,61,543.1441,516.6798,0.0,0.0,0.0,8.13
10,saida,0,61,543.1441,516.6798,0.0,0.0,0.0,8.13
10,entrada,0,0,543.1441,516.6798,0.0,0.0,0.0,0.0
10,saida,0,5,543.1441,516.6798,0.0,0.0,0.0,0.821
10,entrada,0,0,543.1441,516.6798,0.0,0.0,0.0,0.0
10,saida,0,5,543.1441,516.6798,0.0,0.0,0.0,0.838
11,entrada,0,0,836.9595,803.11,0.0,0.0,0.0,0.0
11,melhoria,1,1,836.6009,803.11,0.0,0.0,0.0,0.004
11,melhoria,1,2,836.4158,803.11,0.0,0.0,0.0,0.006
11,melhoria,1,3,836.2302,803.11,0.0,0.0,0.0,0.007
11,melhoria,1,4,835.9299,803.11,0.0,0.0,0.0,0.008
11,melhoria,1,5,835.7895,803.11,0.0,0.0,0.0,0.014
11,melhoria,1,6,835.4079,803.11,0.0,0.0,0.0,0.017
11,melhoria,1,7,835.072,803.11,0.0,0.0,0.0,0.022
11,melhoria,1,8,835.0236,803.11,0.0,0.0,0.0,0.027
11,melhoria,1,9,834.8956,803.11,0.0,0.0,0.0,0.03
11,melhoria,1,10,834.7241,803.11,0.0,0.0,0.0,0.036
11,melhoria,1,11,834.2747,803.11,0.0,0.0,0.0,0.038
11,melhoria,1,12,833.9771,803.11,0.0,0.0,0.0,0.041
11,melhoria,1,13,833.7067,803.11,0.0,0.0,0.0,0.044
11,melhoria,1,14,833.4955,803.11,0.0,0.0,0.0,0.053
11,melhoria,1,15,833.2834,803.11,0.0,0.0,0.0,0.054
11,melhoria,1,16,833.1708,803.11,0.0,0.0,0.0,0.057
11,melhoria,1,17,832.9601,803.11,0.0,0.0,0.0,0.063
11,melhoria,1,18,832.9107,803.185,0.0,0.0,0.0,0.066
11,melhoria,1,19,832.6422,803.185,0.0,0.0,0.0,0.075
11,melhoria,1,20,832.5139,803.185,0.0,0.0,0.0,0.079
11,melhoria,1,21,832.2299,803.185,0.0,0.0,0.0,0.079
11,melhoria,1,22,832.0805,803.185,0.0,0.0,0.0,0.088
11,melhoria,1,23,831.9321,803.185,0.0,0.0,0.0,0.09
11,melhoria,1,24,831.7838,803.185,0.0,0.0,0.0,0.11
11,melhoria,1,25,831.6351,803.185,0.0,0.0,0.0,0.118
11,melhoria,1,26,831.5238,803.185,0.0,0.0,0.0,0.127
11,melhoria,1,27,831.4336,803.185,0.0,0.0,0.0,0.141
11,melhoria,1,28,831.2841,803.185,0.0,0.0,0.0,0.181
11,melhoria,1,29,831.0504,803.185,0.0,0.0,0.0,0.217
11,melhoria,1,30,830.4071,802.9517,0.0,0.0,0.0,0.22
11,melhoria,1,31,718.0104,690.7046,0.0,0.0,0.0,0.251
11,melhoria,1,32,717.7763,690.7046,0.0,0.0,0.0,0.253
11,melhoria,1,33,600.4273,573.616,0.0,0.0,0.0,0.292
11,melhoria,1,34,600.3669,573.616,0.0,0.0,0.0,0.349
11,melhoria,1,35,600.2822,573.616,0.0,0.0,0.0,0.364
11,melhoria,1,36,545.1413,518.5351,0.0,0.0,0.0,0.465
11,melhoria,2,38,545.1047,518.3752,0.0,0.0,0.0,0.694
11,melhoria,1,39,545.0919,518.3752,0.0,0.0,0.0,0.768
11,melhoria,2,41,545.0903,518.3752,0.0,0.0,0.0,1.02
11,melhoria,2,43,545.0903,518.3752,0.0,0.0,0.0,1.289
11,melhoria,2,45,544.8465,518.0551,0.0,0.0,0.0,1.556
11,melhoria,2,47,544.8124,518.0551,0.0,0.0,0.0,1.816
11,melhoria,2,49,544.8115,518.0551,0.0,0.0,0.0,2.06
11,melhoria,2,51,544.8084,518.0551,0.0,0.0,0.0,2.289
11,melhoria,2,53,544.5382,517.6711,0.0,0.0,0.0,2.531
11,melhoria,2,55,544.5297,517.6711,0.0,0.0,0.0,2.784
11,melhoria,2,57,544.5133,517.6711,0.0,0.0,0.0,3.087
11,melhoria,2,59,544.5128,517.6711,0.0,0.0,0.0,3.341
11,melhoria,2,61,544.0532,517.1776,0.0,0.0,0.0,3.596
11,melhoria,2,63,544.0394,517.1776,0.0,0.0,0.0,3.857
11,melhoria,2,65,543.9853,517.0846,0.0,0.0,0.0,4.109
11,melhoria,2,67,543.984,517.0846,0.0,0.0,0.0,4.374
11,melhoria,2,69,543.9368,517.0846,0.0,0.0,0.0,4.69
11,melhoria,2,71,543.9062,517.0846,0.0,0.0,0.0,4.995
11,melhoria,2,73,543.8957,517.0846,0.0,0.0,0.0,5.242
11,melhoria,2,75,543.8399,517.0846,0.0,0.0,0.0,5.503
11,melhoria,2,77,543.8371,517.0846,0.0,0.0,0.0,5.774
11,saida,0,82,543.8371,517.0846,0.0,0.0,0.0,6.588
11,entrada,0,0,543.8371,517.0846,0.0,0.0,0.0,0.0
11,saida,0,5,543.8371,517.0846,0.0,0.0,0.0,0.836
11,entrada,0,0,543.8371,517.0846,0.0,0.0,0.0,0.0
11,saida,0,5,543.8371,517.0846,0.0,0.0,0.0,0.841
11,entrada,0,0,543.8371,517.0846,0.0,0.0,0.0,0.0
11,saida,0,5,543.8371,517.0846,0.0,0.0,0.0,0.852
12,entrada,0,0,721.8019,691.6461,0.0,0.0,0.0,0.0
12,melhoria,1,1,721.6534,691.6461,0.0,0.0,0.0,0.002
12,melhoria,1,2,721.5267,691.6461,0.0,0.0,0.0,0.004
12,melhoria,1,3,721.3817,691.6461,0.0,0.0,0.0,0.005
12,melhoria,1,4,721.2041,691.6461,0.0,0.0,0.0,0.007
12,melhoria,1,5,721.0541,691.6461,0.0,0.0,0.0,0.011
12,melhoria,1,6,720.6047,691.6461,0.0,0.0,0.0,0.016
12,melhoria,1,7,720.2714,691.6461,0.0,0.0,0.0,0.025
12,melhoria,1,8,719.8003,691.6461,0.0,0.0,0.0,0.031
12,melhoria,1,9,718.4051,690.3544,0.0,0.0,0.0,0.061
12,melhoria,1,10,718.2896,690.3544,0.0,0.0,0.0,0.062
12,melhoria,1,11,713.5857,685.7542,0.0,0.0,0.0,0.063
12,melhoria,1,12,713.4906,685.7542,0.0,0.0,0.0,0.064
12,melhoria,1,13,713.3965,685.7542,0.0,0.0,0.0,0.074
12,melhoria,1,14,713.225,685.7542,0.0,0.0,0.0,0.076
12,melhoria,1,15,713.0633,685.7542,0.0,0.0,0.0,0.103
12,melhoria,1,16,712.9037,685.7542,0.0,0.0,0.0,0.111
12,melhoria,1,17,606.5727,579.5726,0.0,0.0,0.0,0.133
12,melhoria,1,18,606.3887,579.5726,0.0,0.0,0.0,0.201
12,melhoria,1,19,606.3389,579.5726,0.0,0.0,0.0,0.219
12,melhoria,1,20,605.0104,578.2809,0.0,0.0,0.0,0.302
12,melhoria,1,21,604.9478,578.2809,0.0,0.0,0.0,0.443
12,melhoria,1,22,562.8922,536.2493,0.0,0.0,0.0,0.583
12,melhoria,2,24,562.892,536.2493,0.0,0.0,0.0,0.819
12,melhoria,2,26,561.5463,534.8141,0.0,0.0,0.0,1.083
12,melhoria,1,27,561.5375,534.8141,0.0,0.0,0.0,1.111
12,melhoria,2,29,560.4449,533.6659,0.0,0.0,0.0,1.369
12,melhoria,2,31,546.729,520.0123,0.0,0.0,0.0,1.612
12,melhoria,2,33,545.9205,519.1709,0.0,0.0,0.0,1.86
12,melhoria,2,35,545.8936,519.1709,0.0,0.0,0.0,2.108
12,melhoria,2,37,545.821,519.0168,0.0,0.0,0.0,2.362
12,melhoria,2,39,545.6059,518.6853,0.0,0.0,0.0,2.612
12,melhoria,2,41,545.5633,518.6853,0.0,0.0,0.0,2.882
12,melhoria,2,43,545.5462,518.6853,0.0,0.0,0.0,3.166
12,melhoria,2,45,545.4974,518.6853,0.0,0.0,0.0,3.4
12,melhoria,2,47,545.4274,518.6328,0.0,0.0,0.0,3.657
12,melhoria,2,49,545.4245,518.6328,0.0,0.0,0.0,3.9
12,melhoria,2,51,545.3967,518.6328,0.0,0.0,0.0,4.221
12,melhoria,2,53,545.1717,518.3256,0.0,0.0,0.0,4.468
12,melhoria,2,55,545.141,518.3256,0.0,0.0,0.0,4.803
12,melhoria,2,57,545.1075,518.3256,0.0,0.0,0.0,5.111
12,melhoria,2,59,545.1058,518.3256,0.0,0.0,0.0,5.353
12,melhoria,2,61,545.0923,518.3256,0.0,0.0,0.0,5.687
12,saida,0,66,545.0923,518.3256,0.0,0.0,0.0,6.511
12,entrada,0,0,545.0923,518.3256,0.0,0.0,0.0,0.0
12,saida,0,5,545.0923,518.3256,0.0,0.0,0.0,0.816
12,entrada,0,0,545.0923,518.3256,0.0,0.0,0.0,0.0
12,saida,0,5,545.0923,518.3256,0.0,0.0,0.0,0.824
12,entrada,0,0,545.0923,518.3256,0.0,0.0,0.0,0.0
12,saida,0,5,545.0923,518.3256,0.0,0.0,0.0,0.829
13,entrada,0,0,721.6311,691.6461,0.0,0.0,0.0,0.0
13,melhoria,1,1,721.445,691.6461,0.0,0.0,0.0,0.002
13,melhoria,1,2,721.123,691.6461,0.0,0.0,0.0,0.004
13,melhoria,1,3,720.8002,691.6461,0.0,0.0,0.0,0.008
13,melhoria,1,4,720.4579,691.6461,0.0,0.0,0.0,0.011
13,melhoria,1,5,720.3525,691.6461,0.0,0.0,0.0,0.022
13,melhoria,1,6,720.0543,691.6461,0.0,0.0,0.0,0.036
13,melhoria,1,7,719.9636,691.6461,0.0,0.0,0.0,0.039
13,melhoria,1,8,719.777,691.6461,0.0,0.0,0.0,0.061
13,melhoria,1,9,719.4404,691.6461,0.0,0.0,0.0,0.063
13,melhoria,1,10,719.3176,691.6461,0.0,0.0,0.0,0.082
13,melhoria,1,11,719.2107,691.6461,0.0,0.0,0.0,0.083
13,melhoria,1,12,718.911,691.6461,0.0,0.0,0.0,0.097
13,melhoria,1,13,718.861,691.6461,0.0,0.0,0.0,0.161
13,melhoria,1,14,718.8116,691.6461,0.0,0.0,0.0,0.164
13,melhoria,1,15,718.7503,691.6461,0.0,0.0,0.0,0.225
13,melhoria,1,16,718.6654,691.6461,0.0,0.0,0.0,0.245
13,melhoria,1,17,718.4829,691.6461,0.0,0.0,0.0,0.302
13,melhoria,1,18,600.6777,574.0,0.0,0.0,0.0,0.388
13,melhoria,1,19,562.8414,536.2493,0.0,0.0,0.0,0.557
13,melhoria,2,21,562.8387,536.2493,0.0,0.0,0.0,0.814
13,melhoria,2,23,562.3584,535.6752,0.0,0.0,0.0,1.078
13,melhoria,2,25,562.1559,535.4851,0.0,0.0,0.0,1.327
13,melhoria,2,27,562.1529,535.4851,0.0,0.0,0.0,1.588
13,melhoria,2,29,562.142,535.4851,0.0,0.0,0.0,1.831
13,melhoria,2,31,561.7432,535.1011,0.0,0.0,0.0,2.079
13,melhoria,2,33,561.3832,534.6418,0.0,0.0,0.0,2.315
13,melhoria,1,34,561.3724,534.6418,0.0,0.0,0.0,2.443
13,melhoria,2,36,560.7064,533.9242,0.0,0.0,0.0,2.694
13,melhoria,2,38,559.9425,533.1492,0.0,0.0,0.0,2.944
13,melhoria,2,40,559.9272,533.1492,0.0,0.0,0.0,3.198
13,melhoria,2,42,546.3479,519.6017,0.0,0.0,0.0,3.431
13,melhoria,2,44,546.0097,519.2177,0.0,0.0,0.0,3.656
13,melhoria,2,46,545.9498,519.2177,0.0,0.0,0.0,3.899
13,melhoria,2,48,545.9388,519.2177,0.0,0.0,0.0,4.134
13,melhoria,2,50,545.782,519.0151,0.0,0.0,0.0,4.406
13,melhoria,1,51,545.6374,518.8685,0.0,0.0,0.0,4.576
13,melhoria,2,53,545.5904,518.8685,0.0,0.0,0.0,4.832
13,melhoria,2,55,545.5021,518.7784,0.0,0.0,0.0,5.088
13,melhoria,2,57,545.4565,518.7784,0.0,0.0,0.0,5.349
13,melhoria,2,59,545.4176,518.7784,0.0,0.0,0.0,5.59
13,melhoria,2,61,545.3895,518.7784,0.0,0.0,0.0,5.85
13,melhoria,2,63,545.359,518.7784,0.0,0.0,0.0,6.089
13,melhoria,2,65,545.3583,518.7784,0.0,0.0,0.0,6.332
13,melhoria,2,67,545.3253,518.7784,0.0,0.0,0.0,6.576
13,melhoria,2,69,545.3244,518.7784,0.0,0.0,0.0,6.833
13,melhoria,2,71,545.3101,518.7784,0.0,0.0,0.0,7.102
13,melhoria,2,73,545.3079,518.7784,0.0,0.0,0.0,7.401
13,melhoria,2,75,545.2613,518.6153,0.0,0.0,0.0,7.637
13,melhoria,2,77,545.2604,518.6153,0.0,0.0,0.0,7.907
13,timeout,2,78,545.2604,518.6153,0.0,0.0,0.0,8.169
13,saida,0,78,545.2604,518.6153,0.0,0.0,0.0,8.169
13,entrada,0,0,545.2604,518.6153,0.0,0.0,0.0,0.0
13,melhoria,2,2,545.2285,518.6153,0.0,0.0,0.0,0.341
13,melhoria,2,4,545.1947,518.6153,0.0,0.0,0.0,0.602
13,saida,0,9,545.1947,518.6153,0.0,0.0,0.0,1.411
13,entrada,0,0,545.1947,518.6153,0.0,0.0,0.0,0.0
13,saida,0,5,545.1947,518.6153,0.0,0.0,0.0,0.806
13,entrada,0,0,545.1947,518.6153,0.0,0.0,0.0,0.0
13,saida,0,5,545.1947,518.6153,0.0,0.0,0.0,0.819
14,entrada,0,0,721.6311,691.6461,0.0,0.0,0.0,0.0
14,melhoria,1,1,721.16,691.6461,0.0,0.0,0.0,0.002
14,melhoria,1,2,721.011,691.6461,0.0,0.0,0.0,0.004
14,melhoria,1,3,719.8741,690.6127,0.0,0.0,0.0,0.007
14,melhoria,1,4,719.7292,690.6127,0.0,0.0,0.0,0.016
14,melhoria,1,5,719.2821,690.6127,0.0,0.0,0.0,0.021
14,melhoria,1,6,719.1973,690.6127,0.0,0.0,0.0,0.037
14,melhoria,1,7,718.8992,690.6127,0.0,0.0,0.0,0.039
14,melhoria,1,8,718.8493,690.6127,0.0,0.0,0.0,0.049
14,melhoria,1,9,718.4008,690.6127,0.0,0.0,0.0,0.05
14,melhoria,1,10,718.2853,690.6127,0.0,0.0,0.0,0.059
14,melhoria,1,11,718.159,690.6127,0.0,0.0,0.0,0.062
14,melhoria,1,12,718.0764,690.6127,0.0,0.0,0.0,0.085
14,melhoria,1,13,718.0282,690.6127,0.0,0.0,0.0,0.095
14,melhoria,1,14,717.7081,690.6127,0.0,0.0,0.0,0.096
14,melhoria,1,15,717.5583,690.6127,0.0,0.0,0.0,0.137
14,melhoria,1,16,605.2856,578.5392,0.0,0.0,0.0,0.179
14,melhoria,1,17,600.6853,574.0,0.0,0.0,0.0,0.252
14,melhoria,1,18,546.7783,520.1425,0.0,0.0,0.0,0.326
14,melhoria,2,20,546.5712,519.8886,0.0,0.0,0.0,0.58
14,melhoria,2,22,546.1893,519.4293,0.0,0.0,0.0,0.838
14,melhoria,2,24,546.1847,519.4293,0.0,0.0,0.0,1.073
14,melhoria,2,26,546.1433,519.4293,0.0,0.0,0.0,1.315
14,melhoria,2,28,546.1201,519.4293,0.0,0.0,0.0,1.559
14,melhoria,2,30,546.0442,519.3781,0.0,0.0,0.0,1.792
14,melhoria,2,32,545.9254,519.1709,0.0,0.0,0.0,2.04
14,melhoria,2,34,545.8951,519.1709,0.0,0.0,0.0,2.357
14,melhoria,2,36,545.859,519.1709,0.0,0.0,0.0,2.616
14,melhoria,2,38,545.821,519.0709,0.0,0.0,0.0,2.873
14,melhoria,2,40,545.6644,518.8889,0.0,0.0,0.0,3.114
14,melhoria,2,42,545.6593,518.8889,0.0,0.0,0.0,3.35
14,melhoria,2,44,545.6082,518.7869,0.0,0.0,0.0,3.635
14,melhoria,2,46,545.6056,518.7869,0.0,0.0,0.0,3.886
14,melhoria,2,48,545.5988,518.7893,0.0,0.0,0.0,4.177
14,melhoria,2,50,545.5637,518.787,0.0,0.0,0.0,4.513
14,melhoria,2,52,545.554,518.787,0.0,0.0,0.0,4.81
14,melhoria,2,54,545.5319,518.7869,0.0,0.0,0.0,5.227
14,saida,0,59,545.5319,518.7869,0.0,0.0,0.0,6.052
14,entrada,0,0,545.5319,518.7869,0.0,0.0,0.0,0.0
14,saida,0,5,545.5319,518.7869,0.0,0.0,0.0,0.823
14,entrada,0,0,545.5319,518.7869,0.0,0.0,0.0,0.0
14,saida,0,5,545.5319,518.7869,0.0,0.0,0.0,0.811
14,entrada,0,0,545.5319,518.7869,0.0,0.0,0.0,0.0
14,saida,0,5,545.5319,518.7869,0.0,0.0,0.0,0.791
15,entrada,0,0,1388.9743,1357.7091,0.0,0.0,0.0,0.0
15,melhoria,1,1,1388.5272,1357.7091,0.0,0.0,0.0,0.007
15,melhoria,1,2,1388.1278,1357.7582,0.0,0.0,0.0,0.008
15,melhoria,1,3,1388.0922,1357.7834,0.0,0.0,0.0,0.011
15,melhoria,1,4,1387.7925,1357.7834,0.0,0.0,0.0,0.012
15,melhoria,1,5,1387.5542,1357.7834,0.0,0.0,0.0,0.018
15,melhoria,1,6,1387.1051,1357.7834,0.0,0.0,0.0,0.026
15,melhoria,1,7,1386.9191,1357.7834,0.0,0.0,0.0,0.039
15,melhoria,1,8,1386.8483,1357.8035,0.0,0.0,0.0,0.068
15,melhoria,1,9,1386.736,1357.8035,0.0,0.0,0.0,0.086
15,melhoria,1,10,1386.4759,1357.8035,0.0,0.0,0.0,0.092
15,melhoria,1,11,1386.3627,1357.8035,0.0,0.0,0.0,0.1
15,melhoria,1,12,1386.2145,1357.8035,0.0,0.0,0.0,0.122
15,melhoria,1,13,1386.1532,1357.8035,0.0,0.0,0.0,0.165
15,melhoria,1,14,1385.9663,1357.8035,0.0,0.0,0.0,0.219
15,melhoria,1,15,1385.7168,1357.8035,0.0,0.0,0.0,0.224
15,melhoria,1,16,1273.5183,1245.7544,0.0,0.0,0.0,0.225
15,melhoria,1,17,1273.4339,1245.7544,0.0,0.0,0.0,0.287
15,melhoria,1,18,1273.3487,1245.7544,0.0,0.0,0.0,0.312
15,melhoria,1,19,1048.9116,1021.6162,0.0,0.0,0.0,0.446
15,melhoria,1,20,824.3968,797.4003,0.0,0.0,0.0,0.482
15,melhoria,1,21,824.3122,797.4003,0.0,0.0,0.0,0.576
15,melhoria,1,22,545.444,518.8792,0.0,0.0,0.0,0.794
15,melhoria,2,24,545.4337,518.8792,0.0,0.0,0.0,1.031
15,melhoria,2,26,545.4041,518.8792,0.0,0.0,0.0,1.262
15,melhoria,2,28,545.392,518.8792,0.0,0.0,0.0,1.527
15,melhoria,2,30,544.8578,518.307,0.0,0.0,0.0,1.761
15,melhoria,2,32,544.8416,518.2927,0.0,0.0,0.0,2.074
15,melhoria,2,34,544.807,518.1549,0.0,0.0,0.0,2.316
15,melhoria,2,36,544.7765,518.1549,0.0,0.0,0.0,2.597
15,melhoria,2,38,544.493,517.8477,0.0,0.0,0.0,2.86
15,melhoria,2,40,544.4869,517.8127,0.0,0.0,0.0,3.106
15,melhoria,2,42,544.4086,517.6101,0.0,0.0,0.0,3.352
15,melhoria,2,44,544.3266,517.6101,0.0,0.0,0.0,3.603
15,melhoria,2,46,544.3206,517.6312,0.0,0.0,0.0,3.843
15,melhoria,2,48,544.3071,517.6312,0.0,0.0,0.0,4.086
15,melhoria,2,50,544.2808,517.6312,0.0,0.0,0.0,4.393
15,melhoria,2,52,544.2761,517.6312,0.0,0.0,0.0,4.746
15,melhoria,2,54,544.2756,517.6312,0.0,0.0,0.0,4.989
15,melhoria,2,56,544.1537,517.4287,0.0,0.0,0.0,5.235
15,melhoria,1,57,544.1493,517.42,0.0,0.0,0.0,5.475
15,melhoria,2,59,544.0518,517.2679,0.0,0.0,0.0,5.757
15,melhoria,2,61,543.7981,516.9088,0.0,0.0,0.0,6.008
15,melhoria,1,62,543.7929,516.9088,0.0,0.0,0.0,6.128
15,melhoria,2,64,543.7772,516.9088,0.0,0.0,0.0,6.419
15,melhoria,2,66,543.7418,516.9088,0.0,0.0,0.0,6.708
15,melhoria,2,68,543.7032,516.9088,0.0,0.0,0.0,6.987
15,melhoria,2,70,543.631,516.7707,0.0,0.0,0.0,7.226
15,melhoria,2,72,543.6308,516.7062,0.0,0.0,0.0,7.515
15,melhoria,2,74,543.6032,516.7062,0.0,0.0,0.0,7.785
15,timeout,2,75,543.6032,516.7062,0.0,0.0,0.0,8.032
15,saida,0,75,543.6032,516.7062,0.0,0.0,0.0,8.032
15,entrada,0,0,543.6032,516.7062,0.0,0.0,0.0,0.0
15,melhoria,2,2,543.5509,516.7062,0.0,0.0,0.0,0.253
15,melhoria,2,4,543.5355,516.7062,0.0,0.0,0.0,0.52
15,melhoria,2,6,543.51,516.7499,0.0,0.0,0.0,0.817
15,melhoria,2,8,543.4908,516.7062,0.0,0.0,0.0,1.17
15,melhoria,2,10,543.4895,516.7062,0.0,0.0,0.0,1.41
15,melhoria,2,12,543.4602,516.7062,0.0,0.0,0.0,1.843
15,saida,0,17,543.4602,516.7062,0.0,0.0,0.0,2.667
15,entrada,0,0,543.4602,516.7062,0.0,0.0,0.0,0.0
15,saida,0,5,543.4602,516.7062,0.0,0.0,0.0,0.831
15,entrada,0,0,543.4602,516.7062,0.0,0.0,0.0,0.0
15,saida,0,5,543.4602,516.7062,0.0,0.0,0.0,0.815
16,entrada,0,0,7311.0012,1363.7426,4539.5406,1365.2219,0.0,0.0
16,melhoria,1,1,3166.0336,1363.7125,1759.3696,0.0,0.0,0.001
16,melhoria,1,2,2817.2001,1363.7125,1410.3483,0.0,0.0,0.001
16,melhoria,1,3,2817.0491,1363.7125,1410.3483,0.0,0.0,0.008
16,melhoria,1,4,2816.897,1363.7125,1410.3483,0.0,0.0,0.014
16,melhoria,1,5,2816.8461,1363.7125,1410.3483,0.0,0.0,0.015
16,melhoria,1,6,2816.7068,1363.7125,1410.3483,0.0,0.0,0.023
16,melhoria,1,7,2812.4789,1363.7125,1405.8704,0.0,0.0,0.03
16,melhoria,1,8,2812.0288,1363.7125,1405.8704,0.0,0.0,0.036
16,melhoria,1,9,2811.4814,1363.7125,1405.8704,0.0,0.0,0.041
16,melhoria,1,10,2811.2746,1363.7125,1405.8704,0.0,0.0,0.05
16,melhoria,1,11,2810.8675,1363.7125,1405.8704,0.0,0.0,0.057
16,melhoria,1,12,2810.5577,1363.7125,1405.8704,0.0,0.0,0.061
16,melhoria,1,13,2697.5642,1251.1215,1405.8704,0.0,0.0,0.081
16,melhoria,1,14,2697.1538,1251.1215,1405.8704,0.0,0.0,0.086
16,melhoria,1,15,2696.8923,1251.1215,1405.8704,0.0,0.0,0.093
16,melhoria,1,16,1291.1969,1251.1215,0.0,0.0,0.0,0.097
16,melhoria,1,17,1290.8984,1251.1215,0.0,0.0,0.0,0.102
16,melhoria,1,18,1290.5663,1251.1215,0.0,0.0,0.0,0.118
16,melhoria,1,19,1290.5007,1251.1215,0.0,0.0,0.0,0.122
16,melhoria,1,20,1290.399,1251.1215,0.0,0.0,0.0,0.128
16,melhoria,1,21,1290.2312,1251.1215,0.0,0.0,0.0,0.133
16,melhoria,1,22,1290.0219,1251.1215,0.0,0.0,0.0,0.144
16,melhoria,1,23,1289.9233,1251.1215,0.0,0.0,0.0,0.154
16,melhoria,1,24,1289.6191,1251.1215,0.0,0.0,0.0,0.157
16,melhoria,1,25,1289.1876,1251.1215,0.0,0.0,0.0,0.172
16,melhoria,1,26,1289.1084,1251.1215,0.0,0.0,0.0,0.175
16,melhoria,1,27,1288.8962,1251.1215,0.0,0.0,0.0,0.178
16,melhoria,1,28,1288.8066,1251.1215,0.0,0.0,0.0,0.181
16,melhoria,1,29,1288.7758,1251.1215,0.0,0.0,0.0,0.184
16,melhoria,1,30,1288.6188,1251.3125,0.0,0.0,0.0,0.192
16,melhoria,1,31,1288.5269,1251.3125,0.0,0.0,0.0,0.199
16,melhoria,1,32,1288.4169,1251.3125,0.0,0.0,0.0,0.213
16,melhoria,1,33,1288.2448,1251.3125,0.0,0.0,0.0,0.218
16,melhoria,1,34,1288.0851,1251.3125,0.0,0.0,0.0,0.226
16,melhoria,1,35,1287.3715,1251.3125,0.0,0.0,0.0,0.239
16,melhoria,1,36,1287.3656,1251.3125,0.0,0.0,0.0,0.249
16,melhoria,1,37,1204.6865,1168.7351,0.0,0.0,0.0,0.274
16,melhoria,1,38,1204.4088,1168.7351,0.0,0.0,0.0,0.304
16,melhoria,1,39,1204.0062,1168.7351,0.0,0.0,0.0,0.346
16,melhoria,1,40,1203.6226,1168.7351,0.0,0.0,0.0,0.369
16,melhoria,1,41,1203.2873,1168.7351,0.0,0.0,0.0,0.372
16,melhoria,1,42,1203.0606,1168.5454,0.0,0.0,0.0,0.389
16,melhoria,1,43,1202.8598,1168.5454,0.0,0.0,0.0,0.397
16,melhoria,1,44,1202.7827,1168.5454,0.0,0.0,0.0,0.413
16,melhoria,1,45,1202.6979,1168.3083,0.0,0.0,0.0,0.423
16,melhoria,1,46,1202.6948,1168.3083,0.0,0.0,0.0,0.424
16,melhoria,1,47,1202.5064,1168.0119,0.0,0.0,0.0,0.429
16,melhoria,1,48,1202.3865,1167.549,0.0,0.0,0.0,0.448
16,melhoria,1,49,1201.9885,1167.549,0.0,0.0,0.0,0.473
16,melhoria,1,50,1201.8397,1167.549,0.0,0.0,0.0,0.481
16,melhoria,1,51,1201.6903,1167.549,0.0,0.0,0.0,0.518
16,melhoria,1,52,1201.5478,1167.549,0.0,0.0,0.0,0.537
16,melhoria,1,53,1201.3945,1167.549,0.0,0.0,0.0,0.551
16,melhoria,1,54,1201.2748,1167.3119,0.0,0.0,0.0,0.568
16,melhoria,1,55,1201.2071,1167.3119,0.0,0.0,0.0,0.597
16,melhoria,1,56,1201.0966,1167.0155,0.0,0.0,0.0,0.612
16,melhoria,1,57,1172.1564,1138.1673,0.0,0.0,0.0,0.628
16,melhoria,1,58,1172.065,1138.4425,0.0,0.0,0.0,0.662
16,melhoria,1,59,1172.0612,1138.4425,0.0,0.0,0.0,0.688
16,melhoria,1,60,1171.5768,1138.4425,0.0,0.0,0.0,0.702
16,melhoria,1,61,1171.4734,1138.4425,0.0,0.0,0.0,0.729
16,melhoria,1,62,1171.4359,1138.5953,0.0,0.0,0.0,0.776
16,melhoria,1,63,1171.3329,1138.5953,0.0,0.0,0.0,0.881
16,melhoria,1,64,1171.3319,1138.5953,0.0,0.0,0.0,0.918
16,melhoria,1,65,1088.5959,1055.9676,0.0,0.0,0.0,0.982
16,melhoria,1,66,1062.9038,1030.4185,0.0,0.0,0.0,1.085
16,melhoria,1,67,1062.8927,1030.394,0.0,0.0,0.0,1.206
16,melhoria,2,69,1062.8577,1030.394,0.0,0.0,0.0,1.474
16,melhoria,2,71,1062.79,1030.394,0.0,0.0,0.0,1.734
16,melhoria,1,72,1062.5986,1030.394,0.0,0.0,0.0,1.758
16,melhoria,2,74,1062.5318,1030.394,0.0,0.0,0.0,2.024
16,melhoria,2,76,1062.5266,1030.394,0.0,0.0,0.0,2.276
16,melhoria,2,78,1062.4692,1030.394,0.0,0.0,0.0,2.552
16,melhoria,1,79,1062.4455,1030.394,0.0,0.0,0.0,2.609
16,melhoria,1,80,974.2447,942.6035,0.0,0.0,0.0,2.643
16,melhoria,2,82,974.2297,942.6035,0.0,0.0,0.0,2.905
16,melhoria,1,83,974.1871,942.6035,0.0,0.0,0.0,2.923
16,melhoria,2,85,974.1631,942.6035,0.0,0.0,0.0,3.183
16,melhoria,2,87,973.2081,941.655,0.0,0.0,0.0,3.46
16,melhoria,2,89,973.1931,941.655,0.0,0.0,0.0,3.734
16,melhoria,1,90,944.9347,913.7408,0.0,0.0,0.0,3.742
16,melhoria,1,91,944.9336,913.6185,0.0,0.0,0.0,3.872
16,melhoria,2,93,944.9305,913.6185,0.0,0.0,0.0,4.138
16,melhoria,2,95,944.9296,913.6185,0.0,0.0,0.0,4.382
16,melhoria,2,97,944.7944,913.4181,0.0,0.0,0.0,4.641
16,melhoria,1,98,944.6069,913.2271,0.0,0.0,0.0,4.676
16,melhoria,1,99,944.6068,913.3494,0.0,0.0,0.0,4.9
16,melhoria,2,101,944.6046,913.3494,0.0,0.0,0.0,5.159
16,melhoria,2,103,944.5577,913.3494,0.0,0.0,0.0,5.43
16,melhoria,2,105,944.5361,913.3494,0.0,0.0,0.0,5.697
16,melhoria,2,107,944.532,913.3494,0.0,0.0,0.0,5.96
16,melhoria,2,109,944.5194,913.3494,0.0,0.0,0.0,6.215
16,melhoria,2,111,944.4532,913.3494,0.0,0.0,0.0,6.476
16,melhoria,2,113,944.412,913.3494,0.0,0.0,0.0,6.752
16,melhoria,2,115,944.4118,913.3494,0.0,0.0,0.0,7.002
16,melhoria,1,116,944.4116,913.2271,0.0,0.0,0.0,7.117
16,melhoria,2,118,944.3667,913.2271,0.0,0.0,0.0,7.375
16,melhoria,1,119,944.2829,913.1292,0.0,0.0,0.0,7.504
16,melhoria,1,120,944.2824,913.2516,0.0,0.0,0.0,7.653
16,melhoria,2,122,944.2706,913.2516,0.0,0.0,0.0,7.952
16,timeout,2,123,944.2706,913.2516,0.0,0.0,0.0,8.218
16,saida,0,123,944.2706,913.2516,0.0,0.0,0.0,8.218
16,entrada,0,0,944.2706,913.2516,0.0,0.0,0.0,0.0
16,melhoria,2,2,944.2291,913.2516,0.0,0.0,0.0,0.256
16,melhoria,2,4,944.1939,913.2516,0.0,0.0,0.0,0.535
16,melhoria,2,6,944.1747,913.2516,0.0,0.0,0.0,0.796
16,melhoria,2,8,944.1398,913.2516,0.0,0.0,0.0,1.069
16,melhoria,2,10,943.9326,913.0512,0.0,0.0,0.0,1.323
16,melhoria,2,12,943.9321,913.0512,0.0,0.0,0.0,1.593
16,melhoria,2,14,943.9311,913.0512,0.0,0.0,0.0,1.897
16,melhoria,2,16,943.9307,913.0512,0.0,0.0,0.0,2.184
16,melhoria,2,18,943.9291,913.0512,0.0,0.0,0.0,2.448
16,melhoria,2,20,943.928,913.0512,0.0,0.0,0.0,2.701
16,melhoria,2,22,943.9156,913.0512,0.0,0.0,0.0,2.96
16,melhoria,2,24,943.9022,913.0512,0.0,0.0,0.0,3.261
16,melhoria,2,26,943.8989,913.0512,0.0,0.0,0.0,3.555
16,melhoria,2,28,943.8989,913.0512,0.0,0.0,0.0,3.828
16,melhoria,2,30,943.8959,913.0512,0.0,0.0,0.0,4.097
16,melhoria,2,32,943.8949,913.0512,0.0,0.0,0.0,4.412
16,melhoria,2,34,943.8781,913.0512,0.0,0.0,0.0,4.685
16,melhoria,2,36,943.8632,913.0512,0.0,0.0,0.0,4.998
16,melhoria,3,39,943.8487,913.0512,0.0,0.0,0.0,5.47
16,melhoria,2,41,943.8223,913.0512,0.0,0.0,0.0,5.885
16,melhoria,3,44,943.8171,913.0512,0.0,0.0,0.0,6.439
16,melhoria,1,45,943.8026,912.9289,0.0,0.0,0.0,6.446
16,melhoria,1,46,943.6918,912.9289,0.0,0.0,0.0,6.457
16,melhoria,1,47,881.8581,851.2858,0.0,0.0,0.0,6.521
16,melhoria,2,49,881.858,851.2858,0.0,0.0,0.0,6.825
16,melhoria,2,51,881.8452,851.2858,0.0,0.0,0.0,7.118
16,melhoria,2,53,881.2644,850.7024,0.0,0.0,0.0,7.494
16,melhoria,3,56,881.2393,850.7024,0.0,0.0,0.0,7.998
16,timeout,2,57,881.2393,850.7024,0.0,0.0,0.0,8.261
16,saida,0,57,881.2393,850.7024,0.0,0.0,0.0,8.261
17,entrada,0,0,946.5409,915.9456,0.0,0.0,0.0,0.0
17,melhoria,1,1,946.4133,915.9456,0.0,0.0,0.0,0.004
17,melhoria,1,2,946.113,915.9456,0.0,0.0,0.0,0.005
17,melhoria,1,3,945.9643,915.9456,0.0,0.0,0.0,0.006
17,melhoria,1,4,945.8146,915.9456,0.0,0.0,0.0,0.007
17,melhoria,1,5,945.4685,915.9456,0.0,0.0,0.0,0.018
17,melhoria,1,6,945.3558,915.9456,0.0,0.0,0.0,0.018
17,melhoria,1,7,945.2314,915.9456,0.0,0.0,0.0,0.019
17,melhoria,1,8,944.7845,915.9456,0.0,0.0,0.0,0.022
17,melhoria,1,9,944.5465,915.9456,0.0,0.0,0.0,0.029
17,melhoria,1,10,944.2388,915.9456,0.0,0.0,0.0,0.055
17,melhoria,1,11,943.7893,915.9456,0.0,0.0,0.0,0.071
17,melhoria,1,12,943.7049,915.9456,0.0,0.0,0.0,0.073
17,melhoria,1,13,943.6224,915.9456,0.0,0.0,0.0,0.077
17,melhoria,1,14,943.4213,915.9456,0.0,0.0,0.0,0.098
17,melhoria,1,15,943.3097,915.9456,0.0,0.0,0.0,0.168
17,melhoria,1,16,943.2061,915.9456,0.0,0.0,0.0,0.239
17,melhoria,1,17,943.0495,915.9456,0.0,0.0,0.0,0.366
17,melhoria,1,18,943.0301,915.9456,0.0,0.0,0.0,0.493
17,melhoria,1,19,718.5149,691.7294,0.0,0.0,0.0,0.581
17,melhoria,1,20,606.2152,579.5792,0.0,0.0,0.0,0.589
17,melhoria,1,21,562.8111,536.2113,0.0,0.0,0.0,0.702
17,melhoria,2,23,562.4886,535.8273,0.0,0.0,0.0,0.943
17,melhoria,2,25,562.128,535.368,0.0,0.0,0.0,1.178
17,melhoria,2,27,562.0507,535.2532,0.0,0.0,0.0,1.454
17,melhoria,2,29,561.9782,535.2532,0.0,0.0,0.0,1.693
17,melhoria,2,31,547.4972,520.8149,0.0,0.0,0.0,1.959
17,melhoria,2,33,546.6084,519.8443,0.0,0.0,0.0,2.192
17,melhoria,2,35,546.2431,519.3643,0.0,0.0,0.0,2.433
17,melhoria,1,36,546.2428,519.3643,0.0,0.0,0.0,2.443
17,melhoria,2,38,546.2379,519.3643,0.0,0.0,0.0,2.681
17,melhoria,2,40,546.2309,519.3643,0.0,0.0,0.0,2.929
17,melhoria,2,42,546.2274,519.3643,0.0,0.0,0.0,3.166
17,melhoria,2,44,546.11,519.1624,0.0,0.0,0.0,3.4
17,melhoria,2,46,545.8936,518.8843,0.0,0.0,0.0,3.638
17,melhoria,2,48,545.8833,518.8843,0.0,0.0,0.0,3.881
17,melhoria,2,50,545.8832,518.8843,0.0,0.0,0.0,4.134
17,melhoria,2,52,545.6588,518.5771,0.0,0.0,0.0,4.385
17,melhoria,2,54,545.6421,518.5302,0.0,0.0,0.0,4.638
17,melhoria,1,55,545.6417,518.5302,0.0,0.0,0.0,4.653
17,melhoria,2,57,545.4456,518.3191,0.0,0.0,0.0,4.901
17,melhoria,2,59,545.1404,517.9561,0.0,0.0,0.0,5.127
17,melhoria,2,61,545.0939,517.8391,0.0,0.0,0.0,5.365
17,melhoria,1,62,545.0907,517.8391,0.0,0.0,0.0,5.49
17,melhoria,1,63,545.0767,517.8391,0.0,0.0,0.0,5.604
17,melhoria,2,65,544.9852,517.6892,0.0,0.0,0.0,5.847
17,melhoria,2,67,544.9392,517.6892,0.0,0.0,0.0,6.106
17,melhoria,2,69,544.6799,517.4167,0.0,0.0,0.0,6.355
17,melhoria,1,70,544.6673,517.4167,0.0,0.0,0.0,6.442
17,melhoria,2,72,544.6513,517.4167,0.0,0.0,0.0,6.693
17,melhoria,1,73,544.6512,517.4167,0.0,0.0,0.0,6.907
17,melhoria,2,75,544.6201,517.4167,0.0,0.0,0.0,7.199
17,melhoria,2,77,544.5501,517.4167,0.0,0.0,0.0,7.441
17,melhoria,2,79,544.5481,517.4167,0.0,0.0,0.0,7.712
17,melhoria,1,80,544.5465,517.4167,0.0,0.0,0.0,7.735
17,melhoria,2,82,544.536,517.4167,0.0,0.0,0.0,8.01
17,timeout,1,82,544.536,517.4167,0.0,0.0,0.0,8.01
17,saida,0,82,544.536,517.4167,0.0,0.0,0.0,8.01
17,entrada,0,0,544.536,517.4167,0.0,0.0,0.0,0.0
17,melhoria,2,2,544.501,517.4167,0.0,0.0,0.0,0.275
17,melhoria,2,4,544.4994,517.4167,0.0,0.0,0.0,0.535
17,melhoria,1,5,544.4986,517.4167,0.0,0.0,0.0,0.695
17,melhoria,2,7,544.47,517.4167,0.0,0.0,0.0,0.961
17,melhoria,2,9,544.47,517.4167,0.0,0.0,0.0,1.192
17,melhoria,2,11,544.408,517.4167,0.0,0.0,0.0,1.43
17,melhoria,2,13,544.3006,517.4167,0.0,0.0,0.0,1.687
17,melhoria,2,15,544.2868,517.4167,0.0,0.0,0.0,1.954
17,melhoria,2,17,544.2868,517.4167,0.0,0.0,0.0,2.226
17,melhoria,2,19,544.2796,517.4167,0.0,0.0,0.0,2.522
17,melhoria,2,21,544.2479,517.4167,0.0,0.0,0.0,2.888
17,melhoria,2,23,544.2477,517.4167,0.0,0.0,0.0,3.149
17,melhoria,2,25,544.2466,517.4167,0.0,0.0,0.0,3.474
17,melhoria,2,27,544.2349,517.4167,0.0,0.0,0.0,3.929
17,melhoria,2,29,544.2208,517.4167,0.0,0.0,0.0,4.199
17,saida,0,34,544.2208,517.4167,0.0,0.0,0.0,5.033
17,entrada,0,0,544.2208,517.4167,0.0,0.0,0.0,0.0
17,saida,0,5,544.2208,517.4167,0.0,0.0,0.0,0.805
17,entrada,0,0,544.2208,517.4167,0.0,0.0,0.0,0.0
17,saida,0,5,544.2208,517.4167,0.0,0.0,0.0,0.803
18,entrada,0,0,828.7407,797.6928,0.0,0.0,0.0,0.0
18,melhoria,1,1,828.4678,797.6928,0.0,0.0,0.0,0.004
18,melhoria,1,2,828.3545,797.6928,0.0,0.0,0.0,0.011
18,melhoria,1,3,722.0382,691.6461,0.0,0.0,0.0,0.012
18,melhoria,1,4,721.8961,691.6461,0.0,0.0,0.0,0.014
18,melhoria,1,5,721.6155,691.6461,0.0,0.0,0.0,0.014
18,melhoria,1,6,721.4152,691.6461,0.0,0.0,0.0,0.036
18,melhoria,1,7,721.311,691.6461,0.0,0.0,0.0,0.039
18,melhoria,1,8,721.0063,691.6461,0.0,0.0,0.0,0.05
18,melhoria,1,9,720.8209,691.6461,0.0,0.0,0.0,0.056
18,melhoria,1,10,720.3514,691.6461,0.0,0.0,0.0,0.057
18,melhoria,1,11,720.2026,691.6461,0.0,0.0,0.0,0.062
18,melhoria,1,12,719.8832,691.6461,0.0,0.0,0.0,0.076
18,melhoria,1,13,719.7325,691.6461,0.0,0.0,0.0,0.078
18,melhoria,1,14,719.6432,691.6461,0.0,0.0,0.0,0.086
18,melhoria,1,15,719.4441,691.6461,0.0,0.0,0.0,0.087
18,melhoria,1,16,719.2053,691.6461,0.0,0.0,0.0,0.098
18,melhoria,1,17,719.1561,691.6461,0.0,0.0,0.0,0.125
18,melhoria,1,18,718.8921,691.6461,0.0,0.0,0.0,0.205
18,melhoria,2,20,718.6614,691.3521,0.0,0.0,0.0,0.443
18,melhoria,2,22,718.6186,691.3521,0.0,0.0,0.0,0.677
18,melhoria,2,24,718.5799,691.3521,0.0,0.0,0.0,0.91
18,melhoria,2,26,718.3931,691.0582,0.0,0.0,0.0,1.159
18,melhoria,2,28,718.3167,691.0582,0.0,0.0,0.0,1.418
18,melhoria,2,30,717.9131,690.6908,0.0,0.0,0.0,1.658
18,melhoria,1,31,717.8592,690.4841,0.0,0.0,0.0,1.822
18,melhoria,1,32,717.8018,690.3406,0.0,0.0,0.0,1.872
18,melhoria,1,33,717.6524,690.3406,0.0,0.0,0.0,1.894
18,melhoria,1,34,717.461,690.3406,0.0,0.0,0.0,2.022
18,melhoria,1,35,628.2101,601.2514,0.0,0.0,0.0,2.074
18,melhoria,1,36,628.0055,601.2514,0.0,0.0,0.0,2.158
18,melhoria,1,37,627.9215,601.2514,0.0,0.0,0.0,2.267
18,melhoria,2,39,627.6889,600.9453,0.0,0.0,0.0,2.514
18,melhoria,2,41,627.6462,600.9453,0.0,0.0,0.0,2.778
18,melhoria,2,43,627.4325,600.6391,0.0,0.0,0.0,3.047
18,melhoria,2,45,627.4312,600.6391,0.0,0.0,0.0,3.337
18,melhoria,2,47,627.4239,600.6391,0.0,0.0,0.0,3.609
18,melhoria,2,49,627.4238,600.6391,0.0,0.0,0.0,3.865
18,melhoria,2,51,627.3635,600.6391,0.0,0.0,0.0,4.136
18,melhoria,2,53,627.3603,600.6391,0.0,0.0,0.0,4.378
18,melhoria,2,55,627.359,600.6391,0.0,0.0,0.0,4.638
18,melhoria,2,57,627.3463,600.6391,0.0,0.0,0.0,4.912
18,melhoria,2,59,627.0707,600.3329,0.0,0.0,0.0,5.225
18,melhoria,1,60,627.0705,600.3329,0.0,0.0,0.0,5.375
18,melhoria,2,62,627.0697,600.3329,0.0,0.0,0.0,5.647
18,melhoria,2,64,627.0686,600.3329,0.0,0.0,0.0,5.958
18,melhoria,2,66,615.7883,589.0667,0.0,0.0,0.0,6.219
18,melhoria,1,67,615.7819,589.0667,0.0,0.0,0.0,6.31
18,melhoria,2,69,615.7289,588.9028,0.0,0.0,0.0,6.558
18,melhoria,2,71,615.412,588.5828,0.0,0.0,0.0,6.785
18,melhoria,1,72,615.4107,588.5828,0.0,0.0,0.0,6.988
18,melhoria,2,74,615.3532,588.5828,0.0,0.0,0.0,7.223
18,melhoria,2,76,615.3284,588.5828,0.0,0.0,0.0,7.509
18,melhoria,2,78,615.2687,588.5828,0.0,0.0,0.0,7.746
18,melhoria,2,80,615.2435,588.5828,0.0,0.0,0.0,7.999
18,timeout,2,81,615.2435,588.5828,0.0,0.0,0.0,8.238
18,saida,0,81,615.2435,588.5828,0.0,0.0,0.0,8.238
18,entrada,0,0,615.2435,588.5828,0.0,0.0,0.0,0.0
18,melhoria,2,2,615.1445,588.378,0.0,0.0,0.0,0.255
18,melhoria,2,4,615.1424,588.378,0.0,0.0,0.0,0.493
18,melhoria,2,6,615.0884,588.2142,0.0,0.0,0.0,0.728
18,melhoria,2,8,614.931,588.0094,0.0,0.0,0.0,1.029
18,melhoria,2,10,614.9191,588.0094,0.0,0.0,0.0,1.294
18,melhoria,2,12,614.8841,588.0094,0.0,0.0,0.0,1.574
18,melhoria,2,14,614.8809,588.0094,0.0,0.0,0.0,1.824
18,melhoria,1,15,614.8807,588.0094,0.0,0.0,0.0,1.935
18,melhoria,2,17,614.8669,588.0094,0.0,0.0,0.0,2.194
18,melhoria,2,19,614.8432,588.0094,0.0,0.0,0.0,2.485
18,melhoria,2,21,614.8429,588.0094,0.0,0.0,0.0,2.74
18,melhoria,2,23,614.7997,588.0094,0.0,0.0,0.0,3.107
18,melhoria,2,25,614.7963,588.0094,0.0,0.0,0.0,3.406
18,melhoria,1,26,614.795,588.0094,0.0,0.0,0.0,3.431
18,melhoria,2,28,614.7644,588.0094,0.0,0.0,0.0,3.788
18,melhoria,2,30,614.7632,588.0094,0.0,0.0,0.0,4.09
18,melhoria,4,34,609.5784,582.8303,0.0,0.0,0.0,4.911
18,melhoria,2,36,609.4525,582.6772,0.0,0.0,0.0,5.155
18,melhoria,2,38,609.4076,582.5911,0.0,0.0,0.0,5.442
18,melhoria,2,40,609.364,582.5548,0.0,0.0,0.0,5.685
18,melhoria,2,42,609.3332,582.5548,0.0,0.0,0.0,5.935
18,melhoria,2,44,609.2962,582.5548,0.0,0.0,0.0,6.191
18,melhoria,2,46,609.1774,582.438,0.0,0.0,0.0,6.433
18,melhoria,2,48,609.1177,582.438,0.0,0.0,0.0,6.7
18,melhoria,2,50,609.1066,582.4323,0.0,0.0,0.0,6.978
18,melhoria,2,52,609.106,582.4323,0.0,0.0,0.0,7.262
18,melhoria,2,54,609.0658,582.4323,0.0,0.0,0.0,7.534
18,melhoria,2,56,609.0537,582.4323,0.0,0.0,0.0,7.783
18,timeout,2,57,609.0537,582.4323,0.0,0.0,0.0,8.027
18,saida,0,57,609.0537,582.4323,0.0,0.0,0.0,8.027
18,entrada,0,0,609.0537,582.4323,0.0,0.0,0.0,0.0
18,melhoria,2,2,609.0537,582.4323,0.0,0.0,0.0,0.272
18,melhoria,2,4,608.9895,582.4323,0.0,0.0,0.0,0.559
18,melhoria,2,6,608.9767,582.4323,0.0,0.0,0.0,0.882
18,melhoria,2,8,608.9464,582.3156,0.0,0.0,0.0,1.202
18,melhoria,2,10,608.946,582.3156,0.0,0.0,0.0,1.521
18,melhoria,2,12,608.9208,582.3156,0.0,0.0,0.0,1.787
18,melhoria,2,14,608.9205,582.3156,0.0,0.0,0.0,2.037
18,melhoria,2,16,608.8932,582.3156,0.0,0.0,0.0,2.311
18,melhoria,2,18,608.8928,582.3156,0.0,0.0,0.0,2.663
18,melhoria,2,20,608.892,582.3156,0.0,0.0,0.0,3.036
18,melhoria,5,25,606.5279,579.9546,0.0,0.0,0.0,3.858
18,melhoria,2,27,606.5144,579.9542,0.0,0.0,0.0,4.116
18,melhoria,2,29,606.1822,579.5792,0.0,0.0,0.0,4.36
18,melhoria,2,31,606.1688,579.5792,0.0,0.0,0.0,4.591
18,melhoria,2,33,605.9929,579.465,0.0,0.0,0.0,4.823
18,melhoria,2,35,605.7253,579.11,0.0,0.0,0.0,5.07
18,melhoria,1,36,605.7187,579.11,0.0,0.0,0.0,5.214
18,melhoria,2,38,605.6401,578.9758,0.0,0.0,0.0,5.494
18,melhoria,2,40,605.6304,578.9758,0.0,0.0,0.0,5.738
18,melhoria,2,42,605.5692,578.9758,0.0,0.0,0.0,5.992
18,melhoria,2,44,605.0162,578.3768,0.0,0.0,0.0,6.245
18,melhoria,2,46,604.9418,578.2114,0.0,0.0,0.0,6.485
18,melhoria,2,48,604.7229,577.9075,0.0,0.0,0.0,6.785
18,melhoria,2,50,604.4957,577.5999,0.0,0.0,0.0,7.096
18,melhoria,2,52,604.4938,577.5999,0.0,0.0,0.0,7.435
18,melhoria,2,54,604.4586,577.5321,0.0,0.0,0.0,7.748
18,melhoria,1,55,604.3755,577.4383,0.0,0.0,0.0,7.854
18,timeout,2,56,604.3755,577.4383,0.0,0.0,0.0,8.102
18,saida,0,56,604.3755,577.4383,0.0,0.0,0.0,8.102
18,entrada,0,0,604.3755,577.4383,0.0,0.0,0.0,0.0
18,melhoria,2,2,604.2538,577.2085,0.0,0.0,0.0,0.254
18,melhoria,2,4,604.2532,577.2085,0.0,0.0,0.0,0.551
18,melhoria,2,6,604.2406,577.2085,0.0,0.0,0.0,0.825
18,melhoria,2,8,604.1622,577.0629,0.0,0.0,0.0,1.24
18,melhoria,2,10,604.1557,577.0629,0.0,0.0,0.0,1.487
18,melhoria,2,12,604.1535,577.0629,0.0,0.0,0.0,1.74
18,melhoria,2,14,604.1229,577.0629,0.0,0.0,0.0,2.019
18,melhoria,2,16,604.0927,577.0629,0.0,0.0,0.0,2.387
18,saida,0,21,604.0927,577.0629,0.0,0.0,0.0,3.229
